{
    "roc_aucs": {
        "ADASYN": 0.6780767381767923,
        "SMOTE": 0.6960519199567333,
        "BorderlineSMOTE": 0.7006715341626103,
        "SVMSMOTE": 0.7102638062616429,
        "RandomUnderSampler": 0.6783772008893697,
        "TSMixup": 0.7247010396009855,
        "DBA": 0.7162580373775613,
        "Jittering": 0.6906360795625264,
        "Scaling": 0.7226804278589025,
        "MagnitudeWarping": 0.7215236464154798,
        "TimeWarping": 0.6876464755723815,
        "No Resampling": 0.6989363619974761
    },
    "log_losses": {
        "ADASYN": 0.47597251693644366,
        "SMOTE": 0.5283829765618485,
        "BorderlineSMOTE": 2.0746901058198914,
        "SVMSMOTE": 0.46117024708773036,
        "RandomUnderSampler": 0.5209927861923588,
        "TSMixup": 0.4560266818237536,
        "DBA": 0.5042135201760941,
        "Jittering": 0.4611704943686057,
        "Scaling": 0.4511585926066621,
        "MagnitudeWarping": 0.4553362020054907,
        "TimeWarping": 0.45047386239994275,
        "No Resampling": 0.5225185946763826
    },
    "brier_scores": {
        "ADASYN": 0.1515454736964732,
        "SMOTE": 0.1534498008743114,
        "BorderlineSMOTE": 0.1697808507866362,
        "SVMSMOTE": 0.14516336575798228,
        "RandomUnderSampler": 0.15110327237892926,
        "TSMixup": 0.14655658811084343,
        "DBA": 0.1454155787881616,
        "Jittering": 0.1478033858495512,
        "Scaling": 0.1436059160493149,
        "MagnitudeWarping": 0.14525033539661575,
        "TimeWarping": 0.14745952195047513,
        "No Resampling": 0.1508907538861969
    }
}