{
    "roc_aucs": {
        "ADASYN": 0.8627616170247394,
        "SMOTE": 0.869375885687934,
        "BorderlineSMOTE": 0.8564375081380208,
        "SVMSMOTE": 0.8731550808376736,
        "RandomUnderSampler": 0.8796619778103298,
        "TSMixup": 0.8896693237304688,
        "DBA": 0.884715589735243,
        "Jittering": 0.880960582139757,
        "Scaling": 0.8828311482747396,
        "MagnitudeWarping": 0.8883384969075521,
        "TimeWarping": 0.8775831882052951,
        "No Resampling": 0.8684622517903646
    },
    "log_losses": {
        "ADASYN": 0.35067143010843727,
        "SMOTE": 0.34606916761915335,
        "BorderlineSMOTE": 0.35568413357953704,
        "SVMSMOTE": 0.3394059744871675,
        "RandomUnderSampler": 0.3333377685909702,
        "TSMixup": 0.32001609827207184,
        "DBA": 0.3277501892056088,
        "Jittering": 0.3298553652349333,
        "Scaling": 0.3290033977613469,
        "MagnitudeWarping": 0.3228045095366426,
        "TimeWarping": 0.33422627454550485,
        "No Resampling": 0.3441148892845644
    },
    "brier_scores": {
        "ADASYN": 0.11379827218749103,
        "SMOTE": 0.11069041396284009,
        "BorderlineSMOTE": 0.11653175592087373,
        "SVMSMOTE": 0.1102160590820133,
        "RandomUnderSampler": 0.1059674138383417,
        "TSMixup": 0.10177539349912244,
        "DBA": 0.1040852096542655,
        "Jittering": 0.10454814374676863,
        "Scaling": 0.1053856336634345,
        "MagnitudeWarping": 0.10270566050736303,
        "TimeWarping": 0.10817621763706764,
        "No Resampling": 0.10947446592310754
    }
}