{
    "roc_aucs": {
        "ADASYN": 0.9255278434350238,
        "SMOTE": 0.9249598912471068,
        "BorderlineSMOTE": 0.9299122506215325,
        "SVMSMOTE": 0.9349947338125972,
        "RandomUnderSampler": 0.904202846190587,
        "TSMixup": 0.9266698712845823,
        "DBA": 0.9235759861854433,
        "Jittering": 0.9317416383966297,
        "Scaling": 0.9320952690042006,
        "MagnitudeWarping": 0.9234152450001838,
        "TimeWarping": 0.9140294906494555,
        "No Resampling": 0.8813974991733311
    },
    "log_losses": {
        "ADASYN": 0.8123491261923587,
        "SMOTE": 0.7376864295965572,
        "BorderlineSMOTE": 0.42269316592654904,
        "SVMSMOTE": 0.3581398145493543,
        "RandomUnderSampler": 0.5658727807262369,
        "TSMixup": 0.4933308386214241,
        "DBA": 0.47020197831221083,
        "Jittering": 0.39227360098061154,
        "Scaling": 0.38491418863652466,
        "MagnitudeWarping": 0.6039783787483937,
        "TimeWarping": 0.3702930722885201,
        "No Resampling": 0.5909492482044891
    },
    "brier_scores": {
        "ADASYN": 0.09054356029968666,
        "SMOTE": 0.07483073551573605,
        "BorderlineSMOTE": 0.0821981031635209,
        "SVMSMOTE": 0.08399868278575943,
        "RandomUnderSampler": 0.11459209195206212,
        "TSMixup": 0.08521879875885896,
        "DBA": 0.08349384014875422,
        "Jittering": 0.07868212104596367,
        "Scaling": 0.0969139160273163,
        "MagnitudeWarping": 0.10303803102911038,
        "TimeWarping": 0.11790517826010509,
        "No Resampling": 0.11226915132957407
    }
}