{
    "roc_aucs": {
        "ADASYN": 0.8554118610771341,
        "SMOTE": 0.8553933281441121,
        "BorderlineSMOTE": 0.8441391007820898,
        "SVMSMOTE": 0.8565709329478484,
        "RandomUnderSampler": 0.8562037214129509,
        "TSMixup": 0.8568497646317507,
        "DBA": 0.8607446606619964,
        "Jittering": 0.8653625412357759,
        "Scaling": 0.8635579598947329,
        "MagnitudeWarping": 0.8631662107565143,
        "TimeWarping": 0.8420333296267467,
        "No Resampling": 0.8567709032951554
    },
    "log_losses": {
        "ADASYN": 0.4169787663153509,
        "SMOTE": 0.4615178373990987,
        "BorderlineSMOTE": 0.509620245038207,
        "SVMSMOTE": 0.37298113298653873,
        "RandomUnderSampler": 0.48632217773117364,
        "TSMixup": 0.5888865007086752,
        "DBA": 0.43783521676974047,
        "Jittering": 0.3451548197810767,
        "Scaling": 0.343355494098998,
        "MagnitudeWarping": 0.44060229448781496,
        "TimeWarping": 0.42760183362495263,
        "No Resampling": 0.5648314212529272
    },
    "brier_scores": {
        "ADASYN": 0.09899211465317127,
        "SMOTE": 0.0981069701420427,
        "BorderlineSMOTE": 0.10315705169546867,
        "SVMSMOTE": 0.09985124488610761,
        "RandomUnderSampler": 0.09832508497150995,
        "TSMixup": 0.1018939164408247,
        "DBA": 0.09626522649672276,
        "Jittering": 0.09679050658376948,
        "Scaling": 0.09791451166958845,
        "MagnitudeWarping": 0.09570587601930428,
        "TimeWarping": 0.10094495901802483,
        "No Resampling": 0.09590785138726342
    }
}