{
    "roc_aucs": {
        "ADASYN": 0.9125635620915032,
        "SMOTE": 0.909978649237473,
        "BorderlineSMOTE": 0.906586832788671,
        "SVMSMOTE": 0.9053839052287582,
        "RandomUnderSampler": 0.9083012391067539,
        "TSMixup": 0.9205247344771242,
        "DBA": 0.91273575708061,
        "Jittering": 0.9250601034858387,
        "Scaling": 0.9227965277777778,
        "MagnitudeWarping": 0.9246600081699347,
        "TimeWarping": 0.9044155160675382,
        "No Resampling": 0.9194053921568629
    },
    "log_losses": {
        "ADASYN": 0.2569589593889239,
        "SMOTE": 0.2574148795843563,
        "BorderlineSMOTE": 0.26063999980568814,
        "SVMSMOTE": 0.2659051839429431,
        "RandomUnderSampler": 0.27386940136794435,
        "TSMixup": 0.24129566336039374,
        "DBA": 0.26000394332482935,
        "Jittering": 0.24167400489753513,
        "Scaling": 0.24924427909285554,
        "MagnitudeWarping": 0.2376503083680011,
        "TimeWarping": 0.26827532335949156,
        "No Resampling": 0.24373468875896917
    },
    "brier_scores": {
        "ADASYN": 0.08011695133158273,
        "SMOTE": 0.08060106425404505,
        "BorderlineSMOTE": 0.08220661116244934,
        "SVMSMOTE": 0.08221459955957211,
        "RandomUnderSampler": 0.08044726579846027,
        "TSMixup": 0.07347960976950937,
        "DBA": 0.07881791531277145,
        "Jittering": 0.07150794939595262,
        "Scaling": 0.07298713061563486,
        "MagnitudeWarping": 0.07155811584966296,
        "TimeWarping": 0.08320010020821977,
        "No Resampling": 0.0744635636323716
    }
}