{
    "roc_aucs": {
        "ADASYN": 0.905007686546841,
        "SMOTE": 0.9070066687091505,
        "BorderlineSMOTE": 0.8998634786900872,
        "SVMSMOTE": 0.9138733506944443,
        "RandomUnderSampler": 0.9085581222766885,
        "TSMixup": 0.9166143212145971,
        "DBA": 0.8970039028458607,
        "Jittering": 0.9142877399918301,
        "Scaling": 0.9123804653458605,
        "MagnitudeWarping": 0.9175226102941176,
        "TimeWarping": 0.8910799053649239,
        "No Resampling": 0.9104050398284314
    },
    "log_losses": {
        "ADASYN": 0.2954223839396226,
        "SMOTE": 0.2713875972312129,
        "BorderlineSMOTE": 0.28932139681830327,
        "SVMSMOTE": 0.27431619408190444,
        "RandomUnderSampler": 0.2743288287187416,
        "TSMixup": 0.2532840123218253,
        "DBA": 0.28561907138231557,
        "Jittering": 0.2631951562492358,
        "Scaling": 0.2806046199539872,
        "MagnitudeWarping": 0.2583481299977397,
        "TimeWarping": 0.28447751646270364,
        "No Resampling": 0.2617282970689681
    },
    "brier_scores": {
        "ADASYN": 0.08250879228195833,
        "SMOTE": 0.08181675163878403,
        "BorderlineSMOTE": 0.08558079850389876,
        "SVMSMOTE": 0.07839834515004694,
        "RandomUnderSampler": 0.08129700422408769,
        "TSMixup": 0.07713486075045264,
        "DBA": 0.08614396663195659,
        "Jittering": 0.07815518663893964,
        "Scaling": 0.07999250492896255,
        "MagnitudeWarping": 0.07660020397858881,
        "TimeWarping": 0.08787306648859608,
        "No Resampling": 0.08016735469827407
    }
}