{
    "roc_aucs": {
        "ADASYN": 0.8398705654554258,
        "SMOTE": 0.8444177982822723,
        "BorderlineSMOTE": 0.8436245939910516,
        "SVMSMOTE": 0.8505751050862234,
        "RandomUnderSampler": 0.8747077266318818,
        "TSMixup": 0.8713902059178834,
        "DBA": 0.8610051720911504,
        "Jittering": 0.7974484078695999,
        "Scaling": 0.7936129290193323,
        "MagnitudeWarping": 0.8453966342355791,
        "TimeWarping": 0.8172604099743955,
        "No Resampling": 0.8807239065013801
    },
    "log_losses": {
        "ADASYN": 0.10988331631055628,
        "SMOTE": 0.10791054870818646,
        "BorderlineSMOTE": 0.11109317177769822,
        "SVMSMOTE": 0.11199798506534618,
        "RandomUnderSampler": 0.12456041983973555,
        "TSMixup": 0.10531617562981561,
        "DBA": 0.11057129304569331,
        "Jittering": 0.11625745224191397,
        "Scaling": 0.1194686922297559,
        "MagnitudeWarping": 0.1082121333228289,
        "TimeWarping": 0.11387453417157777,
        "No Resampling": 0.10411971139573277
    },
    "brier_scores": {
        "ADASYN": 0.02663944379159809,
        "SMOTE": 0.026346940728067685,
        "BorderlineSMOTE": 0.026633616841325175,
        "SVMSMOTE": 0.02636505152783638,
        "RandomUnderSampler": 0.02660495396959027,
        "TSMixup": 0.025830297124841774,
        "DBA": 0.02614856452336209,
        "Jittering": 0.02670234017426809,
        "Scaling": 0.0272995035350291,
        "MagnitudeWarping": 0.02625215274801434,
        "TimeWarping": 0.027218531171967767,
        "No Resampling": 0.02577494073897314
    }
}