{
    "roc_aucs": {
        "ADASYN": 0.7793104089496135,
        "SMOTE": 0.7831668639012225,
        "BorderlineSMOTE": 0.761315707216878,
        "SVMSMOTE": 0.7721405474088233,
        "RandomUnderSampler": 0.8226033086080337,
        "TSMixup": 0.8426008754488008,
        "DBA": 0.8155109409825724,
        "Jittering": 0.8128804815322979,
        "Scaling": 0.75105712022525,
        "MagnitudeWarping": 0.8188416822554062,
        "TimeWarping": 0.767486578818167,
        "No Resampling": 0.833429330710228
    },
    "log_losses": {
        "ADASYN": 0.09944352878281641,
        "SMOTE": 0.09753560557808551,
        "BorderlineSMOTE": 0.10024743269462849,
        "SVMSMOTE": 0.09834574595493772,
        "RandomUnderSampler": 0.09531380191495384,
        "TSMixup": 0.09069391407816156,
        "DBA": 0.09267253706383594,
        "Jittering": 0.09220168136970067,
        "Scaling": 0.09829188301557686,
        "MagnitudeWarping": 0.09603426218130319,
        "TimeWarping": 0.1036623358910397,
        "No Resampling": 0.1409976856222255
    },
    "brier_scores": {
        "ADASYN": 0.02134243292316112,
        "SMOTE": 0.021490988022924096,
        "BorderlineSMOTE": 0.021476533377348207,
        "SVMSMOTE": 0.021588684111597638,
        "RandomUnderSampler": 0.021148630261635718,
        "TSMixup": 0.02103263584674106,
        "DBA": 0.020897277568957182,
        "Jittering": 0.02105008289099551,
        "Scaling": 0.021265732337031898,
        "MagnitudeWarping": 0.02122919309342601,
        "TimeWarping": 0.02154647143561247,
        "No Resampling": 0.022086806147499666
    }
}