{
    "roc_aucs": {
        "ADASYN": 0.572108843537415,
        "SMOTE": 0.5592808551992225,
        "BorderlineSMOTE": 0.5480077745383867,
        "SVMSMOTE": 0.5391642371234208,
        "RandomUnderSampler": 0.4379656624554583,
        "TSMixup": 0.5445092322643343,
        "DBA": 0.574927113702624,
        "Jittering": 0.5688694525429219,
        "Scaling": 0.5501457725947521,
        "MagnitudeWarping": 0.5288629737609329,
        "TimeWarping": 0.5118561710398445,
        "No Resampling": 0.5436669906057662
    },
    "log_losses": {
        "ADASYN": 0.333278244695289,
        "SMOTE": 0.3340463085326868,
        "BorderlineSMOTE": 0.41624011339514894,
        "SVMSMOTE": 0.4994576185470125,
        "RandomUnderSampler": 0.6735956438843704,
        "TSMixup": 0.582626252777126,
        "DBA": 0.2538167280989798,
        "Jittering": 0.6670205126737246,
        "Scaling": 0.25926665532278126,
        "MagnitudeWarping": 0.628298760536034,
        "TimeWarping": 0.8760329095146858,
        "No Resampling": 0.4642364269961258
    },
    "brier_scores": {
        "ADASYN": 0.027139985423065498,
        "SMOTE": 0.027180817646735328,
        "BorderlineSMOTE": 0.027224486471958357,
        "SVMSMOTE": 0.02720706498802421,
        "RandomUnderSampler": 0.027706817270831196,
        "TSMixup": 0.027358960951061585,
        "DBA": 0.027686723847473244,
        "Jittering": 0.02796204481473206,
        "Scaling": 0.02760957623302376,
        "MagnitudeWarping": 0.028122530754642917,
        "TimeWarping": 0.02767566355756403,
        "No Resampling": 0.027878462233654373
    }
}