{
    "roc_aucs": {
        "ADASYN": 0.6123926658137184,
        "SMOTE": 0.6497895379474327,
        "BorderlineSMOTE": 0.6450155692260956,
        "SVMSMOTE": 0.6506882591093117,
        "RandomUnderSampler": 0.684815360078518,
        "TSMixup": 0.6817619514987935,
        "DBA": 0.6834257847415742,
        "Jittering": 0.6614083285135917,
        "Scaling": 0.6357458331142543,
        "MagnitudeWarping": 0.6775100630363788,
        "TimeWarping": 0.564102739365897,
        "No Resampling": 0.6936288565235933
    },
    "log_losses": {
        "ADASYN": 0.16806086801373302,
        "SMOTE": 0.17324283871989338,
        "BorderlineSMOTE": 0.1495700381213179,
        "SVMSMOTE": 0.1695366154167219,
        "RandomUnderSampler": 0.15120779950985322,
        "TSMixup": 0.145915238596044,
        "DBA": 0.1517685083227722,
        "Jittering": 0.15256447501665962,
        "Scaling": 0.14745628806394773,
        "MagnitudeWarping": 0.15854956559205557,
        "TimeWarping": 0.15049984602887947,
        "No Resampling": 0.15462620194041937
    },
    "brier_scores": {
        "ADASYN": 0.03251279360435843,
        "SMOTE": 0.032602217296980845,
        "BorderlineSMOTE": 0.03222069442596832,
        "SVMSMOTE": 0.03225412351067271,
        "RandomUnderSampler": 0.032109805820503705,
        "TSMixup": 0.03212886699263028,
        "DBA": 0.03190047426238138,
        "Jittering": 0.03213741161439309,
        "Scaling": 0.03217686576749979,
        "MagnitudeWarping": 0.032032809966581366,
        "TimeWarping": 0.032400176337276466,
        "No Resampling": 0.03209628497742804
    }
}