{
    "roc_aucs": {
        "ADASYN": 0.8877170903599296,
        "SMOTE": 0.8981814749559527,
        "BorderlineSMOTE": 0.8735464384596022,
        "SVMSMOTE": 0.8861062169645104,
        "RandomUnderSampler": 0.9205197583689907,
        "TSMixup": 0.8791530329725649,
        "DBA": 0.8115341052101687,
        "Jittering": 0.8842751069720614,
        "Scaling": 0.8629939592247672,
        "MagnitudeWarping": 0.8722501887742261,
        "TimeWarping": 0.8368738988170149,
        "No Resampling": 0.8708784293984394
    },
    "log_losses": {
        "ADASYN": 0.2888621098392003,
        "SMOTE": 0.22486408753540657,
        "BorderlineSMOTE": 0.21136733466606356,
        "SVMSMOTE": 0.3286113051113452,
        "RandomUnderSampler": 0.11123540317546361,
        "TSMixup": 0.30757210982309185,
        "DBA": 0.5606641029889075,
        "Jittering": 0.3062333615740046,
        "Scaling": 0.3693927907269582,
        "MagnitudeWarping": 0.3645279922835201,
        "TimeWarping": 0.2739629212724381,
        "No Resampling": 0.32545866731362966
    },
    "brier_scores": {
        "ADASYN": 0.03398104889833904,
        "SMOTE": 0.03416964720166975,
        "BorderlineSMOTE": 0.03596359178592073,
        "SVMSMOTE": 0.03269059811544659,
        "RandomUnderSampler": 0.03141095343065668,
        "TSMixup": 0.032522326265376086,
        "DBA": 0.025757990813751637,
        "Jittering": 0.03262540952320418,
        "Scaling": 0.03150402611344661,
        "MagnitudeWarping": 0.0293422625402162,
        "TimeWarping": 0.03775127196861276,
        "No Resampling": 0.030512189721946394
    }
}