{
    "roc_aucs": {
        "ADASYN": 0.5658630545544924,
        "SMOTE": 0.5427799179818567,
        "BorderlineSMOTE": 0.5228967317012551,
        "SVMSMOTE": 0.5340810239840934,
        "RandomUnderSampler": 0.5530321859077917,
        "TSMixup": 0.5660183919473096,
        "DBA": 0.5662669317758171,
        "Jittering": 0.6169069218342239,
        "Scaling": 0.620231142040512,
        "MagnitudeWarping": 0.5482788616875854,
        "TimeWarping": 0.5984839070461041,
        "No Resampling": 0.5687212625823288
    },
    "log_losses": {
        "ADASYN": 0.22393379217777906,
        "SMOTE": 0.2752629493946232,
        "BorderlineSMOTE": 0.17135210857687527,
        "SVMSMOTE": 0.42890221604823076,
        "RandomUnderSampler": 0.2737631718178336,
        "TSMixup": 0.3701064553587907,
        "DBA": 0.8132716424570164,
        "Jittering": 0.1649831155121064,
        "Scaling": 0.7540817200175547,
        "MagnitudeWarping": 0.1753458743997751,
        "TimeWarping": 0.3623144090566112,
        "No Resampling": 0.3214695553055774
    },
    "brier_scores": {
        "ADASYN": 0.039571492044684096,
        "SMOTE": 0.03972594517708488,
        "BorderlineSMOTE": 0.03860521967034992,
        "SVMSMOTE": 0.04176455123221286,
        "RandomUnderSampler": 0.040205712111739386,
        "TSMixup": 0.039541095014281734,
        "DBA": 0.04005491571206027,
        "Jittering": 0.03837377636194078,
        "Scaling": 0.039116072587188924,
        "MagnitudeWarping": 0.04186567632815927,
        "TimeWarping": 0.03959173794561711,
        "No Resampling": 0.03930717411102212
    }
}