{
    "roc_aucs": {
        "ADASYN": 0.9025660590277778,
        "SMOTE": 0.9083283365885416,
        "BorderlineSMOTE": 0.8969609212239582,
        "SVMSMOTE": 0.8986994357638889,
        "RandomUnderSampler": 0.9076300347222223,
        "TSMixup": 0.9178717013888888,
        "DBA": 0.9079481716579861,
        "Jittering": 0.9126501519097223,
        "Scaling": 0.9111632758246528,
        "MagnitudeWarping": 0.9133841200086806,
        "TimeWarping": 0.8878800401475695,
        "No Resampling": 0.9135835340711804
    },
    "log_losses": {
        "ADASYN": 0.33565988988564077,
        "SMOTE": 0.34565343947864213,
        "BorderlineSMOTE": 0.3384514199896619,
        "SVMSMOTE": 0.3200974734033795,
        "RandomUnderSampler": 0.31324274646401185,
        "TSMixup": 0.31001770977145215,
        "DBA": 0.3166492834481654,
        "Jittering": 0.31527186643448796,
        "Scaling": 0.3042720551448018,
        "MagnitudeWarping": 0.3123172103755691,
        "TimeWarping": 0.33529463716243724,
        "No Resampling": 0.3222415265648128
    },
    "brier_scores": {
        "ADASYN": 0.09643175919168433,
        "SMOTE": 0.09221042013452291,
        "BorderlineSMOTE": 0.09944173176155584,
        "SVMSMOTE": 0.09770475822646629,
        "RandomUnderSampler": 0.09295011453295703,
        "TSMixup": 0.08639612314786965,
        "DBA": 0.09290207552115101,
        "Jittering": 0.0894730122966371,
        "Scaling": 0.09072779546555369,
        "MagnitudeWarping": 0.08924212775167144,
        "TimeWarping": 0.10258223277953431,
        "No Resampling": 0.08903276851104693
    }
}