{
    "roc_aucs": {
        "ADASYN": 0.8525945770321361,
        "SMOTE": 0.8657932951323252,
        "BorderlineSMOTE": 0.8588104146975425,
        "SVMSMOTE": 0.8659031781663515,
        "RandomUnderSampler": 0.8634378780718337,
        "TSMixup": 0.8681548263232515,
        "DBA": 0.8660237417296786,
        "Jittering": 0.8719028355387524,
        "Scaling": 0.8700151051512288,
        "MagnitudeWarping": 0.8706306297258979,
        "TimeWarping": 0.8545541765122874,
        "No Resampling": 0.8708417355860114
    },
    "log_losses": {
        "ADASYN": 0.46778346181969216,
        "SMOTE": 0.44579973767369324,
        "BorderlineSMOTE": 0.404231813513022,
        "SVMSMOTE": 0.4512979981452807,
        "RandomUnderSampler": 0.4486890475820423,
        "TSMixup": 0.5971249695871202,
        "DBA": 0.5500050973245243,
        "Jittering": 0.49285598357836374,
        "Scaling": 0.5370944626132359,
        "MagnitudeWarping": 0.49737487330346886,
        "TimeWarping": 0.47911509338713554,
        "No Resampling": 0.4509352511364003
    },
    "brier_scores": {
        "ADASYN": 0.11981331564800454,
        "SMOTE": 0.11275291511752203,
        "BorderlineSMOTE": 0.11740843071402779,
        "SVMSMOTE": 0.11367406288222213,
        "RandomUnderSampler": 0.11373767615638103,
        "TSMixup": 0.11215062055388464,
        "DBA": 0.11158042227604402,
        "Jittering": 0.10942285548508267,
        "Scaling": 0.1101008071561462,
        "MagnitudeWarping": 0.10927361761350486,
        "TimeWarping": 0.11548457613998542,
        "No Resampling": 0.11068321557165585
    }
}