{
    "roc_aucs": {
        "ADASYN": 0.7865505162241888,
        "SMOTE": 0.8438729105211406,
        "BorderlineSMOTE": 0.8595030317928547,
        "SVMSMOTE": 0.8692897820386758,
        "RandomUnderSampler": 0.7962143559488694,
        "TSMixup": 0.8262659783677484,
        "DBA": 0.8510170845624386,
        "Jittering": 0.8256360619469028,
        "Scaling": 0.8691002949852508,
        "MagnitudeWarping": 0.8207093985578497,
        "TimeWarping": 0.845004711569977,
        "No Resampling": 0.8601995247459849
    },
    "log_losses": {
        "ADASYN": 0.7524037398713689,
        "SMOTE": 0.33937089664610376,
        "BorderlineSMOTE": 0.6411241429511632,
        "SVMSMOTE": 0.9430224342294409,
        "RandomUnderSampler": 0.16628309877864347,
        "TSMixup": 0.23722894290835278,
        "DBA": 0.17075449672845858,
        "Jittering": 0.7892564328899195,
        "Scaling": 0.19844361539806685,
        "MagnitudeWarping": 0.5779327662547201,
        "TimeWarping": 0.1716930432294127,
        "No Resampling": 0.7465571042661088
    },
    "brier_scores": {
        "ADASYN": 0.04806131012876205,
        "SMOTE": 0.041579497882029935,
        "BorderlineSMOTE": 0.04328377978435499,
        "SVMSMOTE": 0.04896644512763934,
        "RandomUnderSampler": 0.04252963959331139,
        "TSMixup": 0.037976488525591386,
        "DBA": 0.03884379060849689,
        "Jittering": 0.048889391272967715,
        "Scaling": 0.039573468657049464,
        "MagnitudeWarping": 0.04722855874084778,
        "TimeWarping": 0.04465076303800521,
        "No Resampling": 0.04592473197303278
    }
}