{
    "roc_aucs": {
        "ADASYN": 0.8599228435672515,
        "SMOTE": 0.8634523620248538,
        "BorderlineSMOTE": 0.8538948373538011,
        "SVMSMOTE": 0.8690564967105263,
        "RandomUnderSampler": 0.8549488212719298,
        "TSMixup": 0.8780024305555556,
        "DBA": 0.8806583744517545,
        "Jittering": 0.8664948830409358,
        "Scaling": 0.8754902686403507,
        "MagnitudeWarping": 0.8706406843932747,
        "TimeWarping": 0.8383447916666666,
        "No Resampling": 0.8709131578947368
    },
    "log_losses": {
        "ADASYN": 0.15431575083492152,
        "SMOTE": 0.15301801851915564,
        "BorderlineSMOTE": 0.15694641590958286,
        "SVMSMOTE": 0.15269275557853315,
        "RandomUnderSampler": 0.15945568406448252,
        "TSMixup": 0.14748801187493757,
        "DBA": 0.1473391723795571,
        "Jittering": 0.15790010167460097,
        "Scaling": 0.15546910417213008,
        "MagnitudeWarping": 0.152417397403857,
        "TimeWarping": 0.1623420031446376,
        "No Resampling": 0.15355200141571979
    },
    "brier_scores": {
        "ADASYN": 0.04140750986352642,
        "SMOTE": 0.04143153419874883,
        "BorderlineSMOTE": 0.04235330047318838,
        "SVMSMOTE": 0.041080608464319636,
        "RandomUnderSampler": 0.04215098467109151,
        "TSMixup": 0.040335085319261894,
        "DBA": 0.03981707565413553,
        "Jittering": 0.03942996699637128,
        "Scaling": 0.04006289578648345,
        "MagnitudeWarping": 0.04021111400036964,
        "TimeWarping": 0.043487892500584116,
        "No Resampling": 0.040520805874091306
    }
}