{
    "roc_aucs": {
        "ADASYN": 0.869181798245614,
        "SMOTE": 0.8943773940058479,
        "BorderlineSMOTE": 0.8889369152046784,
        "SVMSMOTE": 0.8801366776315789,
        "RandomUnderSampler": 0.881188779239766,
        "TSMixup": 0.9097184393274854,
        "DBA": 0.9064959978070175,
        "Jittering": 0.9050411001461988,
        "Scaling": 0.9042277777777776,
        "MagnitudeWarping": 0.9104640716374269,
        "TimeWarping": 0.8715165021929824,
        "No Resampling": 0.8996551717836259
    },
    "log_losses": {
        "ADASYN": 0.17833556394451713,
        "SMOTE": 0.14003038366619894,
        "BorderlineSMOTE": 0.1427261445594911,
        "SVMSMOTE": 0.1444538509712764,
        "RandomUnderSampler": 0.1468822232173654,
        "TSMixup": 0.15258323641724766,
        "DBA": 0.13024250388161315,
        "Jittering": 0.133956149331447,
        "Scaling": 0.13749647848486962,
        "MagnitudeWarping": 0.14984794230146098,
        "TimeWarping": 0.1526748809039958,
        "No Resampling": 0.14061801224548331
    },
    "brier_scores": {
        "ADASYN": 0.04173590499136832,
        "SMOTE": 0.03750422528420292,
        "BorderlineSMOTE": 0.03867202603596658,
        "SVMSMOTE": 0.03990447591017327,
        "RandomUnderSampler": 0.03958980372819178,
        "TSMixup": 0.03472179024619635,
        "DBA": 0.03585234536564648,
        "Jittering": 0.03523042844766512,
        "Scaling": 0.03645409736321167,
        "MagnitudeWarping": 0.034914143281960915,
        "TimeWarping": 0.041549399762064336,
        "No Resampling": 0.03588155150731749
    }
}