{
    "roc_aucs": {
        "ADASYN": 0.7833117500746195,
        "SMOTE": 0.8008272609690579,
        "BorderlineSMOTE": 0.7716957516665007,
        "SVMSMOTE": 0.781581394886081,
        "RandomUnderSampler": 0.8222301462541041,
        "TSMixup": 0.8304641130235797,
        "DBA": 0.8389597850960102,
        "Jittering": 0.8344085762610687,
        "Scaling": 0.8416650283553876,
        "MagnitudeWarping": 0.8403471495373593,
        "TimeWarping": 0.7653919013033529,
        "No Resampling": 0.8309680230822803
    },
    "log_losses": {
        "ADASYN": 0.17458726271153163,
        "SMOTE": 0.17429003281966307,
        "BorderlineSMOTE": 0.17561548083719086,
        "SVMSMOTE": 0.18589144274767114,
        "RandomUnderSampler": 0.18362983780811357,
        "TSMixup": 0.16704597019315348,
        "DBA": 0.170696089831665,
        "Jittering": 0.16614653344353575,
        "Scaling": 0.16088315628591163,
        "MagnitudeWarping": 0.16385476578824895,
        "TimeWarping": 0.1792953720582159,
        "No Resampling": 0.16495120054783208
    },
    "brier_scores": {
        "ADASYN": 0.04516657230649528,
        "SMOTE": 0.04412306834562751,
        "BorderlineSMOTE": 0.04523568538581691,
        "SVMSMOTE": 0.04510129683770638,
        "RandomUnderSampler": 0.04376518606022951,
        "TSMixup": 0.04364092817460555,
        "DBA": 0.04270101143829508,
        "Jittering": 0.04231267003787034,
        "Scaling": 0.042565019460461324,
        "MagnitudeWarping": 0.042386352435738336,
        "TimeWarping": 0.04552252371913456,
        "No Resampling": 0.043351026767009776
    }
}