{
    "roc_aucs": {
        "ADASYN": 0.7917277525289547,
        "SMOTE": 0.7825098959096908,
        "BorderlineSMOTE": 0.7675010995455211,
        "SVMSMOTE": 0.7656685236768802,
        "RandomUnderSampler": 0.703379269901774,
        "TSMixup": 0.7873845477202757,
        "DBA": 0.7983066998973758,
        "Jittering": 0.76521037970972,
        "Scaling": 0.8163209206861165,
        "MagnitudeWarping": 0.8260518985486,
        "TimeWarping": 0.8210856179445829,
        "No Resampling": 0.7918193813223868
    },
    "log_losses": {
        "ADASYN": 0.21755356813003598,
        "SMOTE": 0.21625255998731974,
        "BorderlineSMOTE": 0.16992092938789682,
        "SVMSMOTE": 0.22271630339711254,
        "RandomUnderSampler": 0.1896983556245542,
        "TSMixup": 0.5885196437542449,
        "DBA": 0.21716915065242495,
        "Jittering": 0.720855353926062,
        "Scaling": 0.4141631710424323,
        "MagnitudeWarping": 0.6737152629117902,
        "TimeWarping": 0.17640359098360764,
        "No Resampling": 0.6338996586892062
    },
    "brier_scores": {
        "ADASYN": 0.043734156631023265,
        "SMOTE": 0.04275064795245603,
        "BorderlineSMOTE": 0.0413222663567811,
        "SVMSMOTE": 0.044544749055340664,
        "RandomUnderSampler": 0.046907377216628784,
        "TSMixup": 0.04940858237625614,
        "DBA": 0.042091026187734,
        "Jittering": 0.05085578386802834,
        "Scaling": 0.051403920218348886,
        "MagnitudeWarping": 0.050486641269127004,
        "TimeWarping": 0.04581786325359881,
        "No Resampling": 0.05096342411360907
    }
}