{
    "roc_aucs": {
        "ADASYN": 0.7269261239849474,
        "SMOTE": 0.7056100217864925,
        "BorderlineSMOTE": 0.7256882551000199,
        "SVMSMOTE": 0.6957070707070707,
        "RandomUnderSampler": 0.6802337096454744,
        "TSMixup": 0.7332640126757773,
        "DBA": 0.7495048524460289,
        "Jittering": 0.7066003168944346,
        "Scaling": 0.7467072687660923,
        "MagnitudeWarping": 0.7207615369380076,
        "TimeWarping": 0.7310358486829076,
        "No Resampling": 0.7453951277480689
    },
    "log_losses": {
        "ADASYN": 0.7328938581036923,
        "SMOTE": 0.3800891281165325,
        "BorderlineSMOTE": 0.4151282253895948,
        "SVMSMOTE": 0.9498083491187149,
        "RandomUnderSampler": 0.3429918710597768,
        "TSMixup": 0.7136497802836324,
        "DBA": 0.6631995856522566,
        "Jittering": 0.6700618051711767,
        "Scaling": 0.5666384903877267,
        "MagnitudeWarping": 0.6222071754686178,
        "TimeWarping": 0.3411871646089149,
        "No Resampling": 0.56082020393348
    },
    "brier_scores": {
        "ADASYN": 0.05780325114552305,
        "SMOTE": 0.04654109834493671,
        "BorderlineSMOTE": 0.05501349481073695,
        "SVMSMOTE": 0.06295689555066726,
        "RandomUnderSampler": 0.047875178551281275,
        "TSMixup": 0.046523109594970614,
        "DBA": 0.04587139761030499,
        "Jittering": 0.046444635850320604,
        "Scaling": 0.046024389528860794,
        "MagnitudeWarping": 0.04710238400938055,
        "TimeWarping": 0.04928545777001957,
        "No Resampling": 0.04392858881289714
    }
}