{
    "roc_aucs": {
        "ADASYN": 0.8577836365784499,
        "SMOTE": 0.8672900047258979,
        "BorderlineSMOTE": 0.8573142072306238,
        "SVMSMOTE": 0.8687462015595463,
        "RandomUnderSampler": 0.8627626535916824,
        "TSMixup": 0.8641754962192817,
        "DBA": 0.8666095581285445,
        "Jittering": 0.8746187913516067,
        "Scaling": 0.8733192934782608,
        "MagnitudeWarping": 0.8737541528827977,
        "TimeWarping": 0.8545530186672968,
        "No Resampling": 0.8693884629017012
    },
    "log_losses": {
        "ADASYN": 0.4322099313794614,
        "SMOTE": 0.5016586620004144,
        "BorderlineSMOTE": 0.4688443827372637,
        "SVMSMOTE": 0.40505362077279783,
        "RandomUnderSampler": 0.5636514149794931,
        "TSMixup": 0.6607001155546597,
        "DBA": 0.44112850446756086,
        "Jittering": 0.38318894550714633,
        "Scaling": 0.5070579571263528,
        "MagnitudeWarping": 0.3826838440829528,
        "TimeWarping": 0.4074095428232437,
        "No Resampling": 0.5628511066082299
    },
    "brier_scores": {
        "ADASYN": 0.11770729767776042,
        "SMOTE": 0.11211257077794344,
        "BorderlineSMOTE": 0.11787116731842015,
        "SVMSMOTE": 0.11229338063750113,
        "RandomUnderSampler": 0.1132848375980027,
        "TSMixup": 0.11332146013235109,
        "DBA": 0.11248977806564103,
        "Jittering": 0.10862486645354855,
        "Scaling": 0.10786338227419251,
        "MagnitudeWarping": 0.10948356782387905,
        "TimeWarping": 0.11619237101877343,
        "No Resampling": 0.10978237922710765
    }
}