{
    "roc_aucs": {
        "ADASYN": 0.8934592115415232,
        "SMOTE": 0.8906454753652651,
        "BorderlineSMOTE": 0.8862013643099458,
        "SVMSMOTE": 0.8938771386231981,
        "RandomUnderSampler": 0.8852154850403537,
        "TSMixup": 0.8908674512877666,
        "DBA": 0.8792481598961459,
        "Jittering": 0.8943379300209423,
        "Scaling": 0.9024423474948868,
        "MagnitudeWarping": 0.8930351609861242,
        "TimeWarping": 0.8773131421993068,
        "No Resampling": 0.8793553206863189
    },
    "log_losses": {
        "ADASYN": 0.6794637904551019,
        "SMOTE": 0.7026664967431768,
        "BorderlineSMOTE": 0.7023943372871924,
        "SVMSMOTE": 0.9319367829621352,
        "RandomUnderSampler": 0.805862287890215,
        "TSMixup": 0.8258763186804329,
        "DBA": 0.7328913396926741,
        "Jittering": 0.6157770577106958,
        "Scaling": 0.9168521492653268,
        "MagnitudeWarping": 0.5709276228874203,
        "TimeWarping": 0.37768500197524507,
        "No Resampling": 0.4921503780927928
    },
    "brier_scores": {
        "ADASYN": 0.11145182213618028,
        "SMOTE": 0.1061789903352481,
        "BorderlineSMOTE": 0.10765012961349783,
        "SVMSMOTE": 0.10659672378603145,
        "RandomUnderSampler": 0.10870920212965188,
        "TSMixup": 0.10543607147227095,
        "DBA": 0.10846001679462627,
        "Jittering": 0.10554807553987061,
        "Scaling": 0.10118504022137222,
        "MagnitudeWarping": 0.10594145588112039,
        "TimeWarping": 0.10578098575104523,
        "No Resampling": 0.10793135760000605
    }
}