{
    "roc_aucs": {
        "ADASYN": 0.9083191908094619,
        "SMOTE": 0.9076614379882812,
        "BorderlineSMOTE": 0.9088391723632813,
        "SVMSMOTE": 0.9084259969075522,
        "RandomUnderSampler": 0.9076878865559896,
        "TSMixup": 0.9218705525716145,
        "DBA": 0.9093379421657987,
        "Jittering": 0.9148749145507813,
        "Scaling": 0.9134837375217013,
        "MagnitudeWarping": 0.9213715806749132,
        "TimeWarping": 0.9027250230577255,
        "No Resampling": 0.9107865125868055
    },
    "log_losses": {
        "ADASYN": 0.3124890840667231,
        "SMOTE": 0.3053505805414302,
        "BorderlineSMOTE": 0.30686967217687355,
        "SVMSMOTE": 0.3074649251145561,
        "RandomUnderSampler": 0.29771497520599016,
        "TSMixup": 0.28111760734868546,
        "DBA": 0.3097056700041567,
        "Jittering": 0.29131201663114725,
        "Scaling": 0.3074434417652975,
        "MagnitudeWarping": 0.28291861783885763,
        "TimeWarping": 0.3135888336741322,
        "No Resampling": 0.29609221366625865
    },
    "brier_scores": {
        "ADASYN": 0.09337192871633278,
        "SMOTE": 0.09349749152404185,
        "BorderlineSMOTE": 0.09323353823678329,
        "SVMSMOTE": 0.09323328019386808,
        "RandomUnderSampler": 0.09308114005166221,
        "TSMixup": 0.08515200984608876,
        "DBA": 0.09265572937058321,
        "Jittering": 0.0893200979647917,
        "Scaling": 0.09055400102354863,
        "MagnitudeWarping": 0.08513322956493793,
        "TimeWarping": 0.0958584542197687,
        "No Resampling": 0.09147686070905608
    }
}