{
  "roc_aucs": {
    "ADASYN": 0.9272010826301544,
    "SMOTE": 0.9274046881314832,
    "BorderlineSMOTE": 0.9276205405802604,
    "SVMSMOTE": 0.9340991757804367,
    "RandomUnderSampler": 0.904202846190587,
    "TSMixup": 0.9235974183434779,
    "DBA": 0.924976730799848,
    "Jittering": 0.9288283957723538,
    "Scaling": 0.9335878657244683,
    "MagnitudeWarping": 0.9329847035626372,
    "TimeWarping": 0.9252660649333154,
    "No Resampling": 0.8813974991733311
  },
  "log_losses": {
    "ADASYN": 0.6466647927951837,
    "SMOTE": 0.28246599952403645,
    "BorderlineSMOTE": 0.6208775595662931,
    "SVMSMOTE": 0.49484840958149884,
    "RandomUnderSampler": 0.5658727807262369,
    "TSMixup": 0.5092504943723923,
    "DBA": 0.43633486996824955,
    "Jittering": 0.7626765090114751,
    "Scaling": 0.3878353784981372,
    "MagnitudeWarping": 0.6988987721883602,
    "TimeWarping": 0.38299420623446057,
    "No Resampling": 0.5909492482044891
  },
  "brier_scores": {
    "ADASYN": 0.0870251996884261,
    "SMOTE": 0.0776295011810357,
    "BorderlineSMOTE": 0.08928530009059692,
    "SVMSMOTE": 0.0937057458588413,
    "RandomUnderSampler": 0.11459209195206212,
    "TSMixup": 0.09226864047548199,
    "DBA": 0.08914443378767241,
    "Jittering": 0.09110728600024712,
    "Scaling": 0.07922016094687927,
    "MagnitudeWarping": 0.08425594135843376,
    "TimeWarping": 0.10432137793948182,
    "No Resampling": 0.11226915132957407
  }
}
