{
    "roc_aucs": {
        "ADASYN": 0.854042759874132,
        "SMOTE": 0.8705914740668403,
        "BorderlineSMOTE": 0.8640125149197049,
        "SVMSMOTE": 0.8618475748697917,
        "RandomUnderSampler": 0.8796619778103298,
        "TSMixup": 0.8896693237304688,
        "DBA": 0.884715589735243,
        "Jittering": 0.8772620225694443,
        "Scaling": 0.8781171671549478,
        "MagnitudeWarping": 0.884291929796007,
        "TimeWarping": 0.8691313625759549,
        "No Resampling": 0.8684622517903646
    },
    "log_losses": {
        "ADASYN": 0.3589640397738167,
        "SMOTE": 0.3429724373777558,
        "BorderlineSMOTE": 0.3474219128274478,
        "SVMSMOTE": 0.3537503788805704,
        "RandomUnderSampler": 0.3333377685909702,
        "TSMixup": 0.32001609827207184,
        "DBA": 0.3277501892056088,
        "Jittering": 0.3373397291342445,
        "Scaling": 0.3352763103768806,
        "MagnitudeWarping": 0.32661144295421246,
        "TimeWarping": 0.3409918736429878,
        "No Resampling": 0.3441148892845644
    },
    "brier_scores": {
        "ADASYN": 0.11721146188187456,
        "SMOTE": 0.11031167775322062,
        "BorderlineSMOTE": 0.11382628765192282,
        "SVMSMOTE": 0.11427214424964195,
        "RandomUnderSampler": 0.1059674138383417,
        "TSMixup": 0.10177539349912244,
        "DBA": 0.1040852096542655,
        "Jittering": 0.10562579449473879,
        "Scaling": 0.10704805292437924,
        "MagnitudeWarping": 0.10475440475604127,
        "TimeWarping": 0.11162102731453176,
        "No Resampling": 0.10947446592310754
    }
}