{
    "roc_aucs": {
        "ADASYN": 0.7398569647920605,
        "SMOTE": 0.7583782726843099,
        "BorderlineSMOTE": 0.7278568171077505,
        "SVMSMOTE": 0.753866138941399,
        "RandomUnderSampler": 0.7659334829867678,
        "TSMixup": 0.7668209711720227,
        "DBA": 0.7661568702741021,
        "Jittering": 0.7776768312854442,
        "Scaling": 0.7803047908790169,
        "MagnitudeWarping": 0.7753435314272212,
        "TimeWarping": 0.7338238421550094,
        "No Resampling": 0.7605862240075615
    },
    "log_losses": {
        "ADASYN": 0.46389266027762016,
        "SMOTE": 0.47261615223592,
        "BorderlineSMOTE": 0.47982294763880357,
        "SVMSMOTE": 0.45804318022868235,
        "RandomUnderSampler": 0.45177622821757507,
        "TSMixup": 0.7120748650036265,
        "DBA": 0.43356821455382677,
        "Jittering": 0.44344339444940883,
        "Scaling": 0.43486117197703805,
        "MagnitudeWarping": 0.47481976449510693,
        "TimeWarping": 0.4602003387335229,
        "No Resampling": 0.4527571688544803
    },
    "brier_scores": {
        "ADASYN": 0.14319633786493402,
        "SMOTE": 0.1395721769578101,
        "BorderlineSMOTE": 0.1443406258832827,
        "SVMSMOTE": 0.13960359996896043,
        "RandomUnderSampler": 0.13726497067705262,
        "TSMixup": 0.14115693260009088,
        "DBA": 0.1369901985731925,
        "Jittering": 0.13465863589389654,
        "Scaling": 0.13396944052860382,
        "MagnitudeWarping": 0.13504321464227145,
        "TimeWarping": 0.14378961958593534,
        "No Resampling": 0.13837881055901377
    }
}