{
    "roc_aucs": {
        "ADASYN": 0.8482456759982638,
        "SMOTE": 0.8311238444010416,
        "BorderlineSMOTE": 0.82668720703125,
        "SVMSMOTE": 0.8486894259982639,
        "RandomUnderSampler": 0.843397314453125,
        "TSMixup": 0.8691672092013888,
        "DBA": 0.8701257703993055,
        "Jittering": 0.8655835394965278,
        "Scaling": 0.8630119303385416,
        "MagnitudeWarping": 0.8582602701822916,
        "TimeWarping": 0.8344821180555555,
        "No Resampling": 0.8638918619791666
    },
    "log_losses": {
        "ADASYN": 0.3675611541587699,
        "SMOTE": 0.3979862863058269,
        "BorderlineSMOTE": 0.3897077518187502,
        "SVMSMOTE": 0.36362901802278746,
        "RandomUnderSampler": 0.3712650172962829,
        "TSMixup": 0.35281610646999056,
        "DBA": 0.3526708117007753,
        "Jittering": 0.3631159802405575,
        "Scaling": 0.3521746089289376,
        "MagnitudeWarping": 0.3807133943764449,
        "TimeWarping": 0.38145647619318446,
        "No Resampling": 0.36484254188038784
    },
    "brier_scores": {
        "ADASYN": 0.116612445493481,
        "SMOTE": 0.12283119982826193,
        "BorderlineSMOTE": 0.12353799972277943,
        "SVMSMOTE": 0.11592553755624059,
        "RandomUnderSampler": 0.11788946155598092,
        "TSMixup": 0.10739958137171157,
        "DBA": 0.10775072295302425,
        "Jittering": 0.10838058835181286,
        "Scaling": 0.11070760639969618,
        "MagnitudeWarping": 0.1120950213436881,
        "TimeWarping": 0.12165043672451441,
        "No Resampling": 0.10950754423456605
    }
}