{
    "roc_aucs": {
        "ADASYN": 0.6223660257870782,
        "SMOTE": 0.6447820308346625,
        "BorderlineSMOTE": 0.6033782007466217,
        "SVMSMOTE": 0.6540898867214656,
        "RandomUnderSampler": 0.6605542410805569,
        "TSMixup": 0.6853234484813433,
        "DBA": 0.6724305811147916,
        "Jittering": 0.6587861261545472,
        "Scaling": 0.6436382331119173,
        "MagnitudeWarping": 0.6770548749496118,
        "TimeWarping": 0.5544002780844887,
        "No Resampling": 0.7043690812111866
    },
    "log_losses": {
        "ADASYN": 0.15876721847788342,
        "SMOTE": 0.15278174238871262,
        "BorderlineSMOTE": 0.14985297097304048,
        "SVMSMOTE": 0.14758002906077458,
        "RandomUnderSampler": 0.1572824279744017,
        "TSMixup": 0.14771703560100172,
        "DBA": 0.15312667171095473,
        "Jittering": 0.14543940270935685,
        "Scaling": 0.14705829705816376,
        "MagnitudeWarping": 0.15872509370120666,
        "TimeWarping": 0.14966267340308012,
        "No Resampling": 0.1593572857323628
    },
    "brier_scores": {
        "ADASYN": 0.03235948451801328,
        "SMOTE": 0.03231668456762624,
        "BorderlineSMOTE": 0.03251323435780567,
        "SVMSMOTE": 0.032342152129128346,
        "RandomUnderSampler": 0.032312906342393,
        "TSMixup": 0.032093477386005875,
        "DBA": 0.03212742239826351,
        "Jittering": 0.0320222786930157,
        "Scaling": 0.03214973221469293,
        "MagnitudeWarping": 0.03204070263313954,
        "TimeWarping": 0.032439254649741955,
        "No Resampling": 0.03174226892639212
    }
}