{
    "roc_aucs": {
        "ADASYN": 0.5768002717391305,
        "SMOTE": 0.5680706521739131,
        "BorderlineSMOTE": 0.5861752717391304,
        "SVMSMOTE": 0.6277173913043478,
        "RandomUnderSampler": 0.44816576086956517,
        "TSMixup": 0.5273097826086957,
        "DBA": 0.5543138586956522,
        "Jittering": 0.5782608695652174,
        "Scaling": 0.5559782608695651,
        "MagnitudeWarping": 0.5396399456521739,
        "TimeWarping": 0.5155910326086957,
        "No Resampling": 0.5345108695652174
    },
    "log_losses": {
        "ADASYN": 0.28658237079705245,
        "SMOTE": 0.2871984960445425,
        "BorderlineSMOTE": 0.24594056269291956,
        "SVMSMOTE": 0.12331052702734421,
        "RandomUnderSampler": 0.6259188536871255,
        "TSMixup": 0.45389812555770814,
        "DBA": 0.16717761392342145,
        "Jittering": 0.6193437224764797,
        "Scaling": 0.2529121301313352,
        "MagnitudeWarping": 0.580621970338789,
        "TimeWarping": 0.8283561193174409,
        "No Resampling": 0.4590099141408593
    },
    "brier_scores": {
        "ADASYN": 0.025817241955727446,
        "SMOTE": 0.02585761700958939,
        "BorderlineSMOTE": 0.02585246129098982,
        "SVMSMOTE": 0.02593211332762833,
        "RandomUnderSampler": 0.026384065948079873,
        "TSMixup": 0.02605118514379576,
        "DBA": 0.02628085354626698,
        "Jittering": 0.02663929349198074,
        "Scaling": 0.02630833306186189,
        "MagnitudeWarping": 0.026799779431891595,
        "TimeWarping": 0.026352912234812707,
        "No Resampling": 0.026605626055157813
    }
}