{
    "roc_aucs": {
        "ADASYN": 0.7839248068071099,
        "SMOTE": 0.7926750769767055,
        "BorderlineSMOTE": 0.7526369653670106,
        "SVMSMOTE": 0.7858854830128997,
        "RandomUnderSampler": 0.8262169665562289,
        "TSMixup": 0.8346930558784657,
        "DBA": 0.8128244984598365,
        "Jittering": 0.7887385447304894,
        "Scaling": 0.7806290916733023,
        "MagnitudeWarping": 0.8181087326049319,
        "TimeWarping": 0.7764406370937271,
        "No Resampling": 0.8362709328346589
    },
    "log_losses": {
        "ADASYN": 0.10035849393515679,
        "SMOTE": 0.09510342426606189,
        "BorderlineSMOTE": 0.1018507929085622,
        "SVMSMOTE": 0.09987307938251161,
        "RandomUnderSampler": 0.09292133661602435,
        "TSMixup": 0.0921970246085556,
        "DBA": 0.09828983610406015,
        "Jittering": 0.09310030742729655,
        "Scaling": 0.10209999581797334,
        "MagnitudeWarping": 0.10767971053924369,
        "TimeWarping": 0.09750620325392824,
        "No Resampling": 0.09308124527527227
    },
    "brier_scores": {
        "ADASYN": 0.02140338452255799,
        "SMOTE": 0.02139087193370406,
        "BorderlineSMOTE": 0.021722281614782537,
        "SVMSMOTE": 0.021629735012948487,
        "RandomUnderSampler": 0.021279218522751636,
        "TSMixup": 0.021084688203493143,
        "DBA": 0.021130808702315946,
        "Jittering": 0.020789112437854338,
        "Scaling": 0.021100342786724666,
        "MagnitudeWarping": 0.026010263241546157,
        "TimeWarping": 0.02144473919314526,
        "No Resampling": 0.021274463004633495
    }
}