{
    "roc_aucs": {
        "ADASYN": 0.889700511322133,
        "SMOTE": 0.8921766475591487,
        "BorderlineSMOTE": 0.8682509811689839,
        "SVMSMOTE": 0.8910623862524916,
        "RandomUnderSampler": 0.8791459806118531,
        "TSMixup": 0.8719094724591748,
        "DBA": 0.8286266110361392,
        "Jittering": 0.8514318257790544,
        "Scaling": 0.8694704782657142,
        "MagnitudeWarping": 0.8974693887657699,
        "TimeWarping": 0.8401035024947072,
        "No Resampling": 0.8687895408005348
    },
    "log_losses": {
        "ADASYN": 0.2486581995031451,
        "SMOTE": 0.23320924193802986,
        "BorderlineSMOTE": 0.31356042564278036,
        "SVMSMOTE": 0.3031752240298741,
        "RandomUnderSampler": 0.28611585239899295,
        "TSMixup": 0.3649542088297314,
        "DBA": 0.5107394019041067,
        "Jittering": 0.43730249754631956,
        "Scaling": 0.3469444456097778,
        "MagnitudeWarping": 0.2595792115707639,
        "TimeWarping": 0.2151681951827028,
        "No Resampling": 0.33289945114763486
    },
    "brier_scores": {
        "ADASYN": 0.03432599195524877,
        "SMOTE": 0.03632650099584542,
        "BorderlineSMOTE": 0.03422074383979203,
        "SVMSMOTE": 0.030840084980641985,
        "RandomUnderSampler": 0.03365320536405588,
        "TSMixup": 0.029312606908448682,
        "DBA": 0.03242752062110983,
        "Jittering": 0.031070543436642013,
        "Scaling": 0.030455490614847654,
        "MagnitudeWarping": 0.03024630042442561,
        "TimeWarping": 0.0385593707623793,
        "No Resampling": 0.03324768432005284
    }
}