{
    "roc_aucs": {
        "ADASYN": 0.8369397749189778,
        "SMOTE": 0.8481124689649713,
        "BorderlineSMOTE": 0.8273021864187212,
        "SVMSMOTE": 0.8477056227632327,
        "RandomUnderSampler": 0.8695139202854537,
        "TSMixup": 0.8779081134812664,
        "DBA": 0.8635524242714856,
        "Jittering": 0.7936683822510843,
        "Scaling": 0.7983433269550736,
        "MagnitudeWarping": 0.8567394534181536,
        "TimeWarping": 0.8091778971227808,
        "No Resampling": 0.8700952019959842
    },
    "log_losses": {
        "ADASYN": 0.10961138823102601,
        "SMOTE": 0.11748317853824675,
        "BorderlineSMOTE": 0.11323195062370196,
        "SVMSMOTE": 0.10861753185837335,
        "RandomUnderSampler": 0.10647538855495176,
        "TSMixup": 0.10408396902461592,
        "DBA": 0.11239895941934573,
        "Jittering": 0.1135745117442461,
        "Scaling": 0.11914926865424942,
        "MagnitudeWarping": 0.11449616087698469,
        "TimeWarping": 0.11542491111403054,
        "No Resampling": 0.12196367600534379
    },
    "brier_scores": {
        "ADASYN": 0.026733182879182218,
        "SMOTE": 0.026466553540624767,
        "BorderlineSMOTE": 0.02719494294000008,
        "SVMSMOTE": 0.026541422209084425,
        "RandomUnderSampler": 0.02624737827699212,
        "TSMixup": 0.025885937898611183,
        "DBA": 0.026291060827986806,
        "Jittering": 0.026798649045087566,
        "Scaling": 0.02745798854039453,
        "MagnitudeWarping": 0.026539613125681115,
        "TimeWarping": 0.02742294595800049,
        "No Resampling": 0.026144376237327058
    }
}