{
    "roc_aucs": {
        "ADASYN": 0.5506089225798434,
        "SMOTE": 0.5887908537343107,
        "BorderlineSMOTE": 0.5272772461787002,
        "SVMSMOTE": 0.5419100285820803,
        "RandomUnderSampler": 0.5376848514974524,
        "TSMixup": 0.5021747234994408,
        "DBA": 0.5587796694420282,
        "Jittering": 0.5831055051572015,
        "Scaling": 0.5347334410339257,
        "MagnitudeWarping": 0.5433080651174351,
        "TimeWarping": 0.585124891263825,
        "No Resampling": 0.5529389834721014
    },
    "log_losses": {
        "ADASYN": 0.17615395182601282,
        "SMOTE": 0.2243705781593064,
        "BorderlineSMOTE": 0.2858278855987702,
        "SVMSMOTE": 0.2265461359038084,
        "RandomUnderSampler": 0.176411211928747,
        "TSMixup": 0.279391507635785,
        "DBA": 0.3709253940020026,
        "Jittering": 0.22489338118961646,
        "Scaling": 0.3216807394193334,
        "MagnitudeWarping": 0.23238842590635383,
        "TimeWarping": 0.3763389171518957,
        "No Resampling": 0.176049678952327
    },
    "brier_scores": {
        "ADASYN": 0.04008242358203682,
        "SMOTE": 0.03933457786423912,
        "BorderlineSMOTE": 0.04356733988445982,
        "SVMSMOTE": 0.03978186892778816,
        "RandomUnderSampler": 0.03974728491469514,
        "TSMixup": 0.04109866216462298,
        "DBA": 0.039459519748585976,
        "Jittering": 0.0405374476896464,
        "Scaling": 0.0399346768806672,
        "MagnitudeWarping": 0.04295345583156671,
        "TimeWarping": 0.04214539798111262,
        "No Resampling": 0.03994936292003192
    }
}