{
    "roc_aucs": {
        "ADASYN": 0.9054566274356116,
        "SMOTE": 0.9038890181622232,
        "BorderlineSMOTE": 0.8933535816197813,
        "SVMSMOTE": 0.9040145493735686,
        "RandomUnderSampler": 0.8917186141354269,
        "TSMixup": 0.897702778832376,
        "DBA": 0.8992290546581263,
        "Jittering": 0.8987070285231405,
        "Scaling": 0.8973966051461673,
        "MagnitudeWarping": 0.898474336521622,
        "TimeWarping": 0.8905934258386097,
        "No Resampling": 0.882311427626664
    },
    "log_losses": {
        "ADASYN": 0.5644107658572566,
        "SMOTE": 0.9917533847833715,
        "BorderlineSMOTE": 0.8000831481127544,
        "SVMSMOTE": 0.3960765232302137,
        "RandomUnderSampler": 0.718403278628508,
        "TSMixup": 0.8980903218433186,
        "DBA": 0.5881301023694451,
        "Jittering": 0.7846616612664863,
        "Scaling": 0.8404381471700931,
        "MagnitudeWarping": 0.6897244618573566,
        "TimeWarping": 0.4320054125704602,
        "No Resampling": 0.8513296073302734
    },
    "brier_scores": {
        "ADASYN": 0.09977138956950031,
        "SMOTE": 0.10020323587322462,
        "BorderlineSMOTE": 0.10367423483341578,
        "SVMSMOTE": 0.09782075499389412,
        "RandomUnderSampler": 0.10391851740867634,
        "TSMixup": 0.10316383704217279,
        "DBA": 0.0951093427901018,
        "Jittering": 0.0999478057355788,
        "Scaling": 0.09833432287432005,
        "MagnitudeWarping": 0.09834828056329727,
        "TimeWarping": 0.10293308621140827,
        "No Resampling": 0.10565283761025213
    }
}