{
    "roc_aucs": {
        "ADASYN": 0.9046325195312501,
        "SMOTE": 0.9056193535698784,
        "BorderlineSMOTE": 0.9054333631727429,
        "SVMSMOTE": 0.9192056681315105,
        "RandomUnderSampler": 0.9018424370659722,
        "TSMixup": 0.923214208984375,
        "DBA": 0.9128505913628473,
        "Jittering": 0.9130474243164063,
        "Scaling": 0.9114705308702258,
        "MagnitudeWarping": 0.9186541015625,
        "TimeWarping": 0.8976139919704861,
        "No Resampling": 0.9155722344292535
    },
    "log_losses": {
        "ADASYN": 0.30923185631447664,
        "SMOTE": 0.3067030971886312,
        "BorderlineSMOTE": 0.30508703951578847,
        "SVMSMOTE": 0.2947955566846629,
        "RandomUnderSampler": 0.3082893322369973,
        "TSMixup": 0.27879537705062196,
        "DBA": 0.31000558278643736,
        "Jittering": 0.2979133216949754,
        "Scaling": 0.2960934645877086,
        "MagnitudeWarping": 0.29372311994481104,
        "TimeWarping": 0.3273163985694203,
        "No Resampling": 0.28864489662628195
    },
    "brier_scores": {
        "ADASYN": 0.09582242970335283,
        "SMOTE": 0.09518003728166259,
        "BorderlineSMOTE": 0.09594757772748286,
        "SVMSMOTE": 0.08736643106544051,
        "RandomUnderSampler": 0.09598696802402377,
        "TSMixup": 0.08499190464512961,
        "DBA": 0.09046367673568947,
        "Jittering": 0.09087004020142135,
        "Scaling": 0.09260475647336945,
        "MagnitudeWarping": 0.08788129753216467,
        "TimeWarping": 0.09881318028404965,
        "No Resampling": 0.08928738543056382
    }
}