{
    "roc_aucs": {
        "ADASYN": 0.7682230635178174,
        "SMOTE": 0.778491376720149,
        "BorderlineSMOTE": 0.7436752599002464,
        "SVMSMOTE": 0.7722793101376119,
        "RandomUnderSampler": 0.7244080884562226,
        "TSMixup": 0.8074409590769785,
        "DBA": 0.780376780241572,
        "Jittering": 0.7709122047953849,
        "Scaling": 0.7773871762514272,
        "MagnitudeWarping": 0.788248903311099,
        "TimeWarping": 0.6960894777958055,
        "No Resampling": 0.7557613725136711
    },
    "log_losses": {
        "ADASYN": 0.9340418327424554,
        "SMOTE": 1.5759960808782698,
        "BorderlineSMOTE": 0.5309155400534508,
        "SVMSMOTE": 0.5131951965073487,
        "RandomUnderSampler": 0.5329081630507321,
        "TSMixup": 0.4325072243456444,
        "DBA": 1.224694523102489,
        "Jittering": 0.7432639446669332,
        "Scaling": 0.5427586878721132,
        "MagnitudeWarping": 0.5768657759902049,
        "TimeWarping": 2.0591362738015278,
        "No Resampling": 0.5537998442002035
    },
    "brier_scores": {
        "ADASYN": 0.143674270482134,
        "SMOTE": 0.13858517709436025,
        "BorderlineSMOTE": 0.13744374329491543,
        "SVMSMOTE": 0.13236135896112847,
        "RandomUnderSampler": 0.14421053116926105,
        "TSMixup": 0.1331916366012489,
        "DBA": 0.13145214117020512,
        "Jittering": 0.13096569133752553,
        "Scaling": 0.13576871141881353,
        "MagnitudeWarping": 0.1393034246694522,
        "TimeWarping": 0.1556194289683251,
        "No Resampling": 0.1506358582345816
    }
}