{
    "roc_aucs": {
        "ADASYN": 0.760051495345613,
        "SMOTE": 0.7592592592592593,
        "BorderlineSMOTE": 0.7661170528817588,
        "SVMSMOTE": 0.7395276292335117,
        "RandomUnderSampler": 0.6816201227965935,
        "TSMixup": 0.81763715587245,
        "DBA": 0.6659734600911071,
        "Jittering": 0.7018716577540107,
        "Scaling": 0.6873143196672609,
        "MagnitudeWarping": 0.6394830659536541,
        "TimeWarping": 0.683303624480095,
        "No Resampling": 0.7324717765894238
    },
    "log_losses": {
        "ADASYN": 0.23267021940745258,
        "SMOTE": 0.3265640472645784,
        "BorderlineSMOTE": 0.2743287568400906,
        "SVMSMOTE": 0.18585754003990188,
        "RandomUnderSampler": 0.3492857904504386,
        "TSMixup": 0.17279002814505232,
        "DBA": 0.9229706879989975,
        "Jittering": 0.478266255630679,
        "Scaling": 0.5347720603546189,
        "MagnitudeWarping": 0.39299064050765303,
        "TimeWarping": 0.823590321701227,
        "No Resampling": 0.3337440913423593
    },
    "brier_scores": {
        "ADASYN": 0.046585685417254566,
        "SMOTE": 0.04660782987504427,
        "BorderlineSMOTE": 0.04610921099192957,
        "SVMSMOTE": 0.046903314956040484,
        "RandomUnderSampler": 0.04805596121017526,
        "TSMixup": 0.04555997999272547,
        "DBA": 0.04699289075766138,
        "Jittering": 0.04637940418976161,
        "Scaling": 0.04669872325446054,
        "MagnitudeWarping": 0.04831850578709373,
        "TimeWarping": 0.04760702502615274,
        "No Resampling": 0.046778018689262235
    }
}