{
    "roc_aucs": {
        "ADASYN": 0.8649520648967551,
        "SMOTE": 0.8716045968534907,
        "BorderlineSMOTE": 0.8742625368731562,
        "SVMSMOTE": 0.8662170190101607,
        "RandomUnderSampler": 0.8521898557849884,
        "TSMixup": 0.8689773844641102,
        "DBA": 0.8761369223205507,
        "Jittering": 0.873612135365454,
        "Scaling": 0.862816494591937,
        "MagnitudeWarping": 0.8504742297607341,
        "TimeWarping": 0.8531424123238283,
        "No Resampling": 0.8840902572926909
    },
    "log_losses": {
        "ADASYN": 0.23071709795959439,
        "SMOTE": 0.188676627673479,
        "BorderlineSMOTE": 0.2505209014697915,
        "SVMSMOTE": 0.18912761174726464,
        "RandomUnderSampler": 0.335541687312132,
        "TSMixup": 0.18923067453729142,
        "DBA": 0.16635283716869237,
        "Jittering": 0.20654737460774208,
        "Scaling": 0.2905945888330483,
        "MagnitudeWarping": 0.19379223350201563,
        "TimeWarping": 0.1715559397948992,
        "No Resampling": 0.1465175616390574
    },
    "brier_scores": {
        "ADASYN": 0.04000940727571251,
        "SMOTE": 0.039785192284908004,
        "BorderlineSMOTE": 0.03995483296848995,
        "SVMSMOTE": 0.039567754014090545,
        "RandomUnderSampler": 0.04273830374398682,
        "TSMixup": 0.038162940025568505,
        "DBA": 0.03971734325444849,
        "Jittering": 0.03875886700678341,
        "Scaling": 0.03889599248348718,
        "MagnitudeWarping": 0.039396157377150715,
        "TimeWarping": 0.04024943986272649,
        "No Resampling": 0.040000183595652265
    }
}