{
    "roc_aucs": {
        "ADASYN": 0.8423645607402248,
        "SMOTE": 0.844195383543926,
        "BorderlineSMOTE": 0.8409281464530893,
        "SVMSMOTE": 0.8471859914436374,
        "RandomUnderSampler": 0.8514943786687892,
        "TSMixup": 0.8570279375186548,
        "DBA": 0.8450611282459456,
        "Jittering": 0.8472321560043777,
        "Scaling": 0.8476096905780519,
        "MagnitudeWarping": 0.8467041886379465,
        "TimeWarping": 0.8031050442742016,
        "No Resampling": 0.8491897323649389
    },
    "log_losses": {
        "ADASYN": 0.24355126705318653,
        "SMOTE": 0.2111324454189241,
        "BorderlineSMOTE": 0.2566153162475041,
        "SVMSMOTE": 0.2654203418789207,
        "RandomUnderSampler": 0.18797773718252175,
        "TSMixup": 0.1818407502673845,
        "DBA": 0.1910556266769766,
        "Jittering": 0.26328181680628066,
        "Scaling": 0.24647851629830525,
        "MagnitudeWarping": 0.24068876104303388,
        "TimeWarping": 0.3823162572350677,
        "No Resampling": 0.2420966409306551
    },
    "brier_scores": {
        "ADASYN": 0.04367417303993058,
        "SMOTE": 0.044136397707387635,
        "BorderlineSMOTE": 0.04327414237205447,
        "SVMSMOTE": 0.04267761322330891,
        "RandomUnderSampler": 0.044706403579869346,
        "TSMixup": 0.04445755073735357,
        "DBA": 0.04236702973252588,
        "Jittering": 0.04321050101553042,
        "Scaling": 0.043524867773768926,
        "MagnitudeWarping": 0.04398444529405077,
        "TimeWarping": 0.0441180015166372,
        "No Resampling": 0.04395773691595294
    }
}