{
    "roc_aucs": {
        "ADASYN": 0.9222263706140351,
        "SMOTE": 0.9256661549707601,
        "BorderlineSMOTE": 0.9233063779239765,
        "SVMSMOTE": 0.9313993238304092,
        "RandomUnderSampler": 0.9078260964912281,
        "TSMixup": 0.9245896929824561,
        "DBA": 0.9169724049707604,
        "Jittering": 0.9307704312865497,
        "Scaling": 0.9259431469298245,
        "MagnitudeWarping": 0.9337664839181286,
        "TimeWarping": 0.87850091374269,
        "No Resampling": 0.925232638888889
    },
    "log_losses": {
        "ADASYN": 0.14060075266142993,
        "SMOTE": 0.14029681038470465,
        "BorderlineSMOTE": 0.14415202196083413,
        "SVMSMOTE": 0.1267346531253594,
        "RandomUnderSampler": 0.14865441945100322,
        "TSMixup": 0.1343527833693344,
        "DBA": 0.13495074142083371,
        "Jittering": 0.1258918258496315,
        "Scaling": 0.13797468041875507,
        "MagnitudeWarping": 0.16023247625222942,
        "TimeWarping": 0.16861041980908634,
        "No Resampling": 0.1351564254337854
    },
    "brier_scores": {
        "ADASYN": 0.03714097765290095,
        "SMOTE": 0.036327234271160594,
        "BorderlineSMOTE": 0.03681033673069019,
        "SVMSMOTE": 0.03478754551773711,
        "RandomUnderSampler": 0.03831193642304688,
        "TSMixup": 0.03428054400045922,
        "DBA": 0.03691111474345018,
        "Jittering": 0.03325382944555059,
        "Scaling": 0.034052854180643875,
        "MagnitudeWarping": 0.03217434597116881,
        "TimeWarping": 0.04151563512944004,
        "No Resampling": 0.034545724284639215
    }
}