{
    "roc_aucs": {
        "ADASYN": 0.8849875384840933,
        "SMOTE": 0.8958363876264477,
        "BorderlineSMOTE": 0.8976689634950887,
        "SVMSMOTE": 0.898896789327078,
        "RandomUnderSampler": 0.8467966573816155,
        "TSMixup": 0.8607425597419733,
        "DBA": 0.8777855153203343,
        "Jittering": 0.9040463275179592,
        "Scaling": 0.8893490690514588,
        "MagnitudeWarping": 0.8879929629086645,
        "TimeWarping": 0.8595880369447295,
        "No Resampling": 0.8715914088843277
    },
    "log_losses": {
        "ADASYN": 0.6515933893712633,
        "SMOTE": 0.2854193948659443,
        "BorderlineSMOTE": 0.24568681012023555,
        "SVMSMOTE": 0.20552123182640256,
        "RandomUnderSampler": 0.2345797662578064,
        "TSMixup": 0.3253974487675488,
        "DBA": 0.29084063084311096,
        "Jittering": 0.5158809679094871,
        "Scaling": 0.24868151361813368,
        "MagnitudeWarping": 0.20504485303397904,
        "TimeWarping": 0.34271031922745837,
        "No Resampling": 0.33404661791359097
    },
    "brier_scores": {
        "ADASYN": 0.0369032208944661,
        "SMOTE": 0.03365377258490904,
        "BorderlineSMOTE": 0.033017936797432354,
        "SVMSMOTE": 0.033562161921254406,
        "RandomUnderSampler": 0.04094597928233771,
        "TSMixup": 0.04833757130484756,
        "DBA": 0.03429311490325612,
        "Jittering": 0.033279887310885284,
        "Scaling": 0.03351565122076602,
        "MagnitudeWarping": 0.03225850874228925,
        "TimeWarping": 0.03781736140193578,
        "No Resampling": 0.03396242767287279
    }
}