{
    "roc_aucs": {
        "ADASYN": 0.8608326661220044,
        "SMOTE": 0.8698560014978213,
        "BorderlineSMOTE": 0.8547880548747276,
        "SVMSMOTE": 0.8551493072576252,
        "RandomUnderSampler": 0.874341664964597,
        "TSMixup": 0.8835363306781047,
        "DBA": 0.8719419747412853,
        "Jittering": 0.8746944240196078,
        "Scaling": 0.8760598056236383,
        "MagnitudeWarping": 0.8781250970179739,
        "TimeWarping": 0.8671961158769064,
        "No Resampling": 0.8607472086056644
    },
    "log_losses": {
        "ADASYN": 0.3045635281579144,
        "SMOTE": 0.3009080270886937,
        "BorderlineSMOTE": 0.30926643739369425,
        "SVMSMOTE": 0.30964509115888145,
        "RandomUnderSampler": 0.29304317709157823,
        "TSMixup": 0.2878241501458863,
        "DBA": 0.29835212651873805,
        "Jittering": 0.2902188995488622,
        "Scaling": 0.29102079736753694,
        "MagnitudeWarping": 0.29106132666502443,
        "TimeWarping": 0.29960480203762546,
        "No Resampling": 0.3062249585144478
    },
    "brier_scores": {
        "ADASYN": 0.096039435244192,
        "SMOTE": 0.09298312596489423,
        "BorderlineSMOTE": 0.09816579191733073,
        "SVMSMOTE": 0.09731216295014265,
        "RandomUnderSampler": 0.0922720777348125,
        "TSMixup": 0.08827651128081976,
        "DBA": 0.09265520903554102,
        "Jittering": 0.08992992324210604,
        "Scaling": 0.0914656388022634,
        "MagnitudeWarping": 0.0894575380267961,
        "TimeWarping": 0.09548707166370628,
        "No Resampling": 0.09420441238159606
    }
}