{
    "roc_aucs": {
        "ADASYN": 0.9071799689411223,
        "SMOTE": 0.8985467512797407,
        "BorderlineSMOTE": 0.8967656588508215,
        "SVMSMOTE": 0.9060948254376043,
        "RandomUnderSampler": 0.8369888226384707,
        "TSMixup": 0.8549435380279531,
        "DBA": 0.9130869073410148,
        "Jittering": 0.8985525029237524,
        "Scaling": 0.9174619912191567,
        "MagnitudeWarping": 0.8991525911156272,
        "TimeWarping": 0.9007381276481529,
        "No Resampling": 0.856814739546387
    },
    "log_losses": {
        "ADASYN": 0.36416789505118263,
        "SMOTE": 0.4832315097824196,
        "BorderlineSMOTE": 0.4415768464184744,
        "SVMSMOTE": 0.33531356013883373,
        "RandomUnderSampler": 0.5170122253204795,
        "TSMixup": 0.45176331493677513,
        "DBA": 0.408763446529133,
        "Jittering": 0.24564452158401148,
        "Scaling": 0.2647370702639246,
        "MagnitudeWarping": 0.8241178234187094,
        "TimeWarping": 0.38718115984845647,
        "No Resampling": 0.49329170166984865
    },
    "brier_scores": {
        "ADASYN": 0.07507091594184212,
        "SMOTE": 0.07860729076960897,
        "BorderlineSMOTE": 0.09047846683580808,
        "SVMSMOTE": 0.08386374027349604,
        "RandomUnderSampler": 0.10173254804617836,
        "TSMixup": 0.10053398195244348,
        "DBA": 0.07962590428192648,
        "Jittering": 0.06987643036922858,
        "Scaling": 0.07188632522021197,
        "MagnitudeWarping": 0.07605533160299642,
        "TimeWarping": 0.09731288026631561,
        "No Resampling": 0.10011336938282296
    }
}