{
    "roc_aucs": {
        "ADASYN": 0.744197338670818,
        "SMOTE": 0.7541818228992921,
        "BorderlineSMOTE": 0.7375894436413506,
        "SVMSMOTE": 0.7677748396901294,
        "RandomUnderSampler": 0.7741018569998888,
        "TSMixup": 0.7768564290744653,
        "DBA": 0.7901839949590422,
        "Jittering": 0.7842625820082287,
        "Scaling": 0.7863094184365618,
        "MagnitudeWarping": 0.7884214611364394,
        "TimeWarping": 0.7410560213499388,
        "No Resampling": 0.7845438155602504
    },
    "log_losses": {
        "ADASYN": 0.38732042952856216,
        "SMOTE": 0.3887690830291359,
        "BorderlineSMOTE": 0.40088877131131456,
        "SVMSMOTE": 0.3992282760041245,
        "RandomUnderSampler": 0.36557345884753994,
        "TSMixup": 0.37041721539948713,
        "DBA": 0.3610394686516719,
        "Jittering": 0.38502609135674964,
        "Scaling": 0.38673781512348676,
        "MagnitudeWarping": 0.36669192582874405,
        "TimeWarping": 0.39154292733772894,
        "No Resampling": 0.40561275088977866
    },
    "brier_scores": {
        "ADASYN": 0.11571690374753821,
        "SMOTE": 0.11459094632048161,
        "BorderlineSMOTE": 0.11662392054001351,
        "SVMSMOTE": 0.11280481945753788,
        "RandomUnderSampler": 0.11224404032862824,
        "TSMixup": 0.11283929923498909,
        "DBA": 0.10877294304455233,
        "Jittering": 0.11072722957175982,
        "Scaling": 0.10992560478059081,
        "MagnitudeWarping": 0.10844420766012929,
        "TimeWarping": 0.11674436767374247,
        "No Resampling": 0.10975676189545945
    }
}