{
    "roc_aucs": {
        "ADASYN": 0.8922479431905863,
        "SMOTE": 0.8900156659915124,
        "BorderlineSMOTE": 0.8980344835069445,
        "SVMSMOTE": 0.9014278911072531,
        "RandomUnderSampler": 0.900997159529321,
        "TSMixup": 0.912540663580247,
        "DBA": 0.8953246214313273,
        "Jittering": 0.9049231505594136,
        "Scaling": 0.9022087070794753,
        "MagnitudeWarping": 0.9052800130208334,
        "TimeWarping": 0.8628939139660493,
        "No Resampling": 0.9031490113811729
    },
    "log_losses": {
        "ADASYN": 0.22945721922229098,
        "SMOTE": 0.22709058911145963,
        "BorderlineSMOTE": 0.22636502850253465,
        "SVMSMOTE": 0.22588136030311193,
        "RandomUnderSampler": 0.2191062103631483,
        "TSMixup": 0.20400309650570045,
        "DBA": 0.22429284050179835,
        "Jittering": 0.21099588208482845,
        "Scaling": 0.21433325645531867,
        "MagnitudeWarping": 0.21584992468103556,
        "TimeWarping": 0.24166758299968602,
        "No Resampling": 0.2137119360177244
    },
    "brier_scores": {
        "ADASYN": 0.0685686718801613,
        "SMOTE": 0.06877470441378321,
        "BorderlineSMOTE": 0.06704828275713992,
        "SVMSMOTE": 0.06615058898192433,
        "RandomUnderSampler": 0.06636796198250544,
        "TSMixup": 0.062048592026067044,
        "DBA": 0.06734119668643798,
        "Jittering": 0.06504407609905971,
        "Scaling": 0.06611048714100881,
        "MagnitudeWarping": 0.06489646274960442,
        "TimeWarping": 0.07372734481042902,
        "No Resampling": 0.06523586736304304
    }
}