{
    "roc_aucs": {
        "ADASYN": 0.911199430941358,
        "SMOTE": 0.907997087191358,
        "BorderlineSMOTE": 0.9114279224537036,
        "SVMSMOTE": 0.9170472800925924,
        "RandomUnderSampler": 0.9105501543209877,
        "TSMixup": 0.9289812596450618,
        "DBA": 0.9153041859567902,
        "Jittering": 0.9267667824074074,
        "Scaling": 0.925551138117284,
        "MagnitudeWarping": 0.9268759162808642,
        "TimeWarping": 0.885789130015432,
        "No Resampling": 0.9230158275462963
    },
    "log_losses": {
        "ADASYN": 0.20491093235212318,
        "SMOTE": 0.2076292810545226,
        "BorderlineSMOTE": 0.20535517138039971,
        "SVMSMOTE": 0.20038174381903268,
        "RandomUnderSampler": 0.20696384243360996,
        "TSMixup": 0.19273529815511725,
        "DBA": 0.20136393876859401,
        "Jittering": 0.19576967710963855,
        "Scaling": 0.21065422838612896,
        "MagnitudeWarping": 0.19947267527144685,
        "TimeWarping": 0.22629735902114104,
        "No Resampling": 0.1924191643040643
    },
    "brier_scores": {
        "ADASYN": 0.0632409764277919,
        "SMOTE": 0.063678349722966,
        "BorderlineSMOTE": 0.06355597221568035,
        "SVMSMOTE": 0.060798141084508775,
        "RandomUnderSampler": 0.06189178511851228,
        "TSMixup": 0.05453692051470242,
        "DBA": 0.06132277806322815,
        "Jittering": 0.055504276487223746,
        "Scaling": 0.0571352818451347,
        "MagnitudeWarping": 0.056284049604613445,
        "TimeWarping": 0.06965680139273005,
        "No Resampling": 0.05720142558006766
    }
}