{
    "roc_aucs": {
        "ADASYN": 0.8447224322621298,
        "SMOTE": 0.8441734824616677,
        "BorderlineSMOTE": 0.8472630644822516,
        "SVMSMOTE": 0.8536785654274313,
        "RandomUnderSampler": 0.8507001890359168,
        "TSMixup": 0.8538188930896871,
        "DBA": 0.8437455156479732,
        "Jittering": 0.8472941713925646,
        "Scaling": 0.8473897290485194,
        "MagnitudeWarping": 0.8529188405797101,
        "TimeWarping": 0.8309126339004411,
        "No Resampling": 0.8536779668136947
    },
    "log_losses": {
        "ADASYN": 0.39487706715412185,
        "SMOTE": 0.38129554732455867,
        "BorderlineSMOTE": 0.36260483835367024,
        "SVMSMOTE": 0.3167873800793867,
        "RandomUnderSampler": 0.32930763767104215,
        "TSMixup": 0.30570784187914923,
        "DBA": 0.4123509655394571,
        "Jittering": 0.4299463500756441,
        "Scaling": 0.42686286985929855,
        "MagnitudeWarping": 0.41509605598931676,
        "TimeWarping": 0.39449467220848305,
        "No Resampling": 0.29331081058728065
    },
    "brier_scores": {
        "ADASYN": 0.07690402299591302,
        "SMOTE": 0.07623607719122083,
        "BorderlineSMOTE": 0.07583939860227532,
        "SVMSMOTE": 0.07599173879967862,
        "RandomUnderSampler": 0.07533376173175198,
        "TSMixup": 0.07658251226922357,
        "DBA": 0.07720410491341312,
        "Jittering": 0.07574111193692828,
        "Scaling": 0.0758344134242117,
        "MagnitudeWarping": 0.07576440728151222,
        "TimeWarping": 0.07645075522967594,
        "No Resampling": 0.07473084049296101
    }
}