{
  "q80_90": {
    "Scaling": 6.025953449386174,
    "TSMixup": 6.17432969773789,
    "DBA": 6.222388044444899,
    "TimeWarping": 6.222398266362735,
    "MagnitudeWarping": 6.228291201995319,
    "Jittering": 6.380797105152869,
    "RandomUnderSampler": 6.477000684868495,
    "SVMSMOTE": 6.7119514663341135,
    "ADASYN": 6.804010058367151,
    "BorderlineSMOTE": 6.8738359791064,
    "SMOTE": 6.926632184730499,
    "No Resampling": 6.952411861513458
  },
  "q85_90": {
    "DBA": 6.030389761727095,
    "TSMixup": 6.035781823385704,
    "Scaling": 6.052249333019861,
    "TimeWarping": 6.240664833536068,
    "RandomUnderSampler": 6.290491572028744,
    "SMOTE": 6.638379212707888,
    "Jittering": 6.6535229839822545,
    "MagnitudeWarping": 6.668099438816711,
    "No Resampling": 6.725383066370912,
    "SVMSMOTE": 6.764824336341984,
    "BorderlineSMOTE": 6.93131382309949,
    "ADASYN": 6.9688998149832875
  },
  "q90_90": {
    "TSMixup": 5.913476576475278,
    "RandomUnderSampler": 6.016528841141175,
    "No Resampling": 6.108602766050966,
    "TimeWarping": 6.176936286786127,
    "DBA": 6.419548395669995,
    "Scaling": 6.485791534207648,
    "MagnitudeWarping": 6.512348076746159,
    "BorderlineSMOTE": 6.552995533021906,
    "SMOTE": 6.7153246992200675,
    "SVMSMOTE": 6.777187745964898,
    "Jittering": 7.158225066186918,
    "ADASYN": 7.1630344785288615
  },
  "q95_90": {
    "TSMixup": 6.0402743562747245,
    "Scaling": 6.085828333111858,
    "DBA": 6.094389189299696,
    "No Resampling": 6.101242985208885,
    "SVMSMOTE": 6.393446728475197,
    "Jittering": 6.490938269838187,
    "RandomUnderSampler": 6.5312075151539934,
    "TimeWarping": 6.53454497132752,
    "MagnitudeWarping": 6.582935530364207,
    "ADASYN": 7.00116529863333,
    "SMOTE": 7.025973893221846,
    "BorderlineSMOTE": 7.118052929090556
  }
}