{
  "lc_50_50": {
    "TSMixup": 5.765570536344029,
    "No Resampling": 6.099837471506404,
    "MagnitudeWarping": 6.16607038812622,
    "DBA": 6.403014443569902,
    "SMOTE": 6.410312892904967,
    "RandomUnderSampler": 6.425891095687373,
    "TimeWarping": 6.568302854981652,
    "SVMSMOTE": 6.614005049627411,
    "Jittering": 6.68418362653201,
    "BorderlineSMOTE": 6.86744728045876,
    "ADASYN": 6.958611454681127,
    "Scaling": 7.036752905580145
  },
  "lc_70_30": {
    "RandomUnderSampler": 5.489220987641701,
    "TSMixup": 5.679159553915506,
    "No Resampling": 5.736013860920586,
    "DBA": 6.295377648754459,
    "MagnitudeWarping": 6.51367181510595,
    "TimeWarping": 6.588194707090945,
    "SVMSMOTE": 6.67070091690603,
    "BorderlineSMOTE": 6.8545063324781,
    "ADASYN": 6.887712232569075,
    "Scaling": 6.99109159860573,
    "SMOTE": 7.037269112430875,
    "Jittering": 7.257081233581045
  },
  "lc_60_40": {
    "TSMixup": 5.813904874832616,
    "DBA": 5.983987365709554,
    "RandomUnderSampler": 6.064346972779033,
    "MagnitudeWarping": 6.185946907358758,
    "SMOTE": 6.488612783530446,
    "No Resampling": 6.565190281000521,
    "TimeWarping": 6.6299767962465115,
    "SVMSMOTE": 6.742918766418955,
    "Scaling": 6.777341074732441,
    "Jittering": 6.793900581627125,
    "ADASYN": 6.943835672448865,
    "BorderlineSMOTE": 7.010037923315172
  }
}