{
  "q80_90": {
    "TSMixup": 5.898915454517576,
    "MagnitudeWarping": 6.002453260280694,
    "DBA": 6.033180345296384,
    "Scaling": 6.115890993468194,
    "Jittering": 6.28484396242423,
    "SMOTE": 6.420033936767216,
    "No Resampling": 6.437089206676957,
    "TimeWarping": 6.702291753978882,
    "SVMSMOTE": 6.806309989880301,
    "ADASYN": 6.958887446462706,
    "BorderlineSMOTE": 7.154928497684736,
    "RandomUnderSampler": 7.185175152562124
  },
  "q85_90": {
    "Scaling": 5.913517464146623,
    "TSMixup": 6.280535424056262,
    "MagnitudeWarping": 6.280663198029214,
    "No Resampling": 6.340982735180774,
    "Jittering": 6.372159584581259,
    "DBA": 6.434288401189831,
    "SVMSMOTE": 6.4944546095738485,
    "SMOTE": 6.598963497531407,
    "RandomUnderSampler": 6.62678755788161,
    "ADASYN": 6.856949370840957,
    "TimeWarping": 6.856964703717711,
    "BorderlineSMOTE": 6.943733453270503
  },
  "q90_90": {
    "DBA": 5.903111551789347,
    "TSMixup": 5.9344775066698014,
    "Jittering": 6.284644635026424,
    "Scaling": 6.34586881190649,
    "MagnitudeWarping": 6.351567531100185,
    "RandomUnderSampler": 6.389419292847724,
    "BorderlineSMOTE": 6.563386112502427,
    "No Resampling": 6.619223338682803,
    "SVMSMOTE": 6.634576659272812,
    "ADASYN": 6.812765130993877,
    "SMOTE": 7.034688078177227,
    "TimeWarping": 7.126271351030881
  },
  "q95_90": {
    "TSMixup": 6.109573848245407,
    "Scaling": 6.117863823610586,
    "SVMSMOTE": 6.122013922252093,
    "DBA": 6.340185425589549,
    "No Resampling": 6.381124206523628,
    "SMOTE": 6.467668073884022,
    "ADASYN": 6.564173200175817,
    "BorderlineSMOTE": 6.606599270155066,
    "Jittering": 6.648902677120281,
    "RandomUnderSampler": 6.8746537325332975,
    "TimeWarping": 6.88331169694058,
    "MagnitudeWarping": 6.883930122969671
  }
}