{
    "q90_90": {
        "TimeWarping": 5.939332046834481,
        "SVMSMOTE": 6.190745670671884,
        "RandomUnderSampler": 6.264410753006591,
        "DBA": 6.387106970162097,
        "BorderlineSMOTE": 6.562174067338568,
        "TSMixup": 6.578715157545389,
        "MagnitudeWarping": 6.597150802447566,
        "SMOTE": 6.615795319387445,
        "No Resampling": 6.641087007235534,
        "Scaling": 6.653745296096896,
        "ADASYN": 6.721858992508409,
        "Jittering": 6.847877916765142
    },
    "q80_90": {
        "Jittering": 6.058241796151811,
        "DBA": 6.103114783021867,
        "Scaling": 6.13970891952421,
        "MagnitudeWarping": 6.327103668105869,
        "TimeWarping": 6.353851207617358,
        "TSMixup": 6.382542820818924,
        "SVMSMOTE": 6.570884483299134,
        "BorderlineSMOTE": 6.690678765049348,
        "ADASYN": 6.692512700757521,
        "RandomUnderSampler": 6.834378328710431,
        "SMOTE": 6.877418410823867,
        "No Resampling": 6.969564116119662
    },
    "q95_90": {
        "DBA": 5.9502464611504635,
        "Scaling": 6.064600648969049,
        "MagnitudeWarping": 6.144610344410206,
        "TSMixup": 6.292474808296254,
        "TimeWarping": 6.397136933333795,
        "No Resampling": 6.412610082898408,
        "Jittering": 6.4935111232145,
        "RandomUnderSampler": 6.632056581224455,
        "SVMSMOTE": 6.833114698766589,
        "SMOTE": 6.89837423594124,
        "BorderlineSMOTE": 6.937205359088407,
        "ADASYN": 6.944058722706633
    },
    "q85_90": {
        "TimeWarping": 6.166066752561648,
        "Scaling": 6.20199865817671,
        "DBA": 6.251023564766364,
        "SVMSMOTE": 6.443561577120737,
        "MagnitudeWarping": 6.468922837486865,
        "RandomUnderSampler": 6.483932570316353,
        "TSMixup": 6.56075398278741,
        "BorderlineSMOTE": 6.59086735565898,
        "ADASYN": 6.6620693659110835,
        "Jittering": 6.687031065664432,
        "No Resampling": 6.71236044799478,
        "SMOTE": 6.771411821554634
    }
}