{
    "q90_90": {
        "TSMixup": 5.948475000048515,
        "DBA": 5.98899585752667,
        "Jittering": 6.237704694165846,
        "TimeWarping": 6.341505653341506,
        "Scaling": 6.349083802579752,
        "RandomUnderSampler": 6.469278083625831,
        "SVMSMOTE": 6.539875965501075,
        "BorderlineSMOTE": 6.545846248153841,
        "ADASYN": 6.687419972299296,
        "No Resampling": 6.799979625218295,
        "MagnitudeWarping": 6.9896729923261205,
        "SMOTE": 7.102162105213252
    },
    "q80_90": {
        "TSMixup": 6.1904897941018335,
        "Jittering": 6.217777443551242,
        "Scaling": 6.26112697302407,
        "MagnitudeWarping": 6.312369024036421,
        "SMOTE": 6.337570463317849,
        "DBA": 6.3577526296202675,
        "ADASYN": 6.532974673918878,
        "No Resampling": 6.609941275826419,
        "SVMSMOTE": 6.646418496857511,
        "TimeWarping": 6.685489754574545,
        "BorderlineSMOTE": 6.749330735759738,
        "RandomUnderSampler": 7.0987587354112245
    },
    "q95_90": {
        "DBA": 6.009648860404787,
        "TimeWarping": 6.230918072029302,
        "TSMixup": 6.3041157852523755,
        "SMOTE": 6.3329535449667915,
        "SVMSMOTE": 6.411706923237126,
        "No Resampling": 6.4419626852786775,
        "Scaling": 6.468493469806987,
        "Jittering": 6.4918062938681445,
        "BorderlineSMOTE": 6.546980216088655,
        "ADASYN": 6.596903837842106,
        "RandomUnderSampler": 6.922938810640395,
        "MagnitudeWarping": 7.241571500584655
    },
    "q85_90": {
        "Scaling": 6.251813657332011,
        "TSMixup": 6.289599835504457,
        "DBA": 6.317576993160107,
        "Jittering": 6.337204622936085,
        "MagnitudeWarping": 6.395491316892446,
        "TimeWarping": 6.464384405990142,
        "SMOTE": 6.503700369828632,
        "No Resampling": 6.588913148474056,
        "ADASYN": 6.615483919760888,
        "SVMSMOTE": 6.645890906498352,
        "BorderlineSMOTE": 6.749772275297556,
        "RandomUnderSampler": 6.840168548325267
    }
}