{
    "roc_aucs": {
        "ADASYN": 0.8490932581018518,
        "SMOTE": 0.8636540895061727,
        "BorderlineSMOTE": 0.8670158275462964,
        "SVMSMOTE": 0.8715252411265433,
        "RandomUnderSampler": 0.8659878568672839,
        "TSMixup": 0.8857904610339508,
        "DBA": 0.8712454764660494,
        "Jittering": 0.8808096836419753,
        "Scaling": 0.879734587191358,
        "MagnitudeWarping": 0.8833883487654322,
        "TimeWarping": 0.8579209297839505,
        "No Resampling": 0.8793705825617284
    },
    "log_losses": {
        "ADASYN": 0.2469311279728868,
        "SMOTE": 0.23632601344362766,
        "BorderlineSMOTE": 0.24490132966771072,
        "SVMSMOTE": 0.23429627692130686,
        "RandomUnderSampler": 0.2647160345377282,
        "TSMixup": 0.21819848816492068,
        "DBA": 0.23231877675368726,
        "Jittering": 0.23662386781234432,
        "Scaling": 0.23643657318127612,
        "MagnitudeWarping": 0.22659231535183647,
        "TimeWarping": 0.2427673209144355,
        "No Resampling": 0.22848838016370795
    },
    "brier_scores": {
        "ADASYN": 0.07302432268672111,
        "SMOTE": 0.07003801756532815,
        "BorderlineSMOTE": 0.06899929207684284,
        "SVMSMOTE": 0.06786954519525551,
        "RandomUnderSampler": 0.06965663222927798,
        "TSMixup": 0.06392677187163472,
        "DBA": 0.06883875189331538,
        "Jittering": 0.06499753871462248,
        "Scaling": 0.06579365663296874,
        "MagnitudeWarping": 0.06347215577804373,
        "TimeWarping": 0.07273824895698075,
        "No Resampling": 0.0655229361394855
    }
}