{
    "roc_aucs": {
        "ADASYN": 0.7772249947490023,
        "SMOTE": 0.7905848981306448,
        "BorderlineSMOTE": 0.7720426381012393,
        "SVMSMOTE": 0.7747412518378491,
        "RandomUnderSampler": 0.8007501260239447,
        "TSMixup": 0.8119856857802983,
        "DBA": 0.8063996639361478,
        "Jittering": 0.8188026885108171,
        "Scaling": 0.8184436883007772,
        "MagnitudeWarping": 0.8054984982146608,
        "TimeWarping": 0.7393238815374922,
        "No Resampling": 0.8166753833228313
    },
    "log_losses": {
        "ADASYN": 0.28254650525565705,
        "SMOTE": 0.28623771274919396,
        "BorderlineSMOTE": 0.28270540997407184,
        "SVMSMOTE": 0.2836092246669963,
        "RandomUnderSampler": 0.2777020557523643,
        "TSMixup": 0.5931035263673614,
        "DBA": 0.27532838381997016,
        "Jittering": 0.26421513921895556,
        "Scaling": 0.27578625825196085,
        "MagnitudeWarping": 0.27431793609804866,
        "TimeWarping": 0.30304075164432825,
        "No Resampling": 0.26490785964965263
    },
    "brier_scores": {
        "ADASYN": 0.0825334128765629,
        "SMOTE": 0.0816652248903968,
        "BorderlineSMOTE": 0.08278047204524125,
        "SVMSMOTE": 0.08213193179505637,
        "RandomUnderSampler": 0.07988899684382902,
        "TSMixup": 0.08475494403237831,
        "DBA": 0.07936336367792077,
        "Jittering": 0.07765321485147321,
        "Scaling": 0.07766984058453646,
        "MagnitudeWarping": 0.07845457794020395,
        "TimeWarping": 0.08501584648041197,
        "No Resampling": 0.07732529154313987
    }
}