{
    "roc_aucs": {
        "ADASYN": 0.7320291777188329,
        "SMOTE": 0.7328779840848807,
        "BorderlineSMOTE": 0.7156100795755969,
        "SVMSMOTE": 0.7118832891246685,
        "RandomUnderSampler": 0.6774933687002652,
        "TSMixup": 0.7311007957559683,
        "DBA": 0.7266312997347479,
        "Jittering": 0.7275464190981432,
        "Scaling": 0.713448275862069,
        "MagnitudeWarping": 0.7088992042440319,
        "TimeWarping": 0.7690848806366049,
        "No Resampling": 0.688395225464191
    },
    "log_losses": {
        "ADASYN": 0.35095106599554526,
        "SMOTE": 0.5390281802272077,
        "BorderlineSMOTE": 0.6400599636557107,
        "SVMSMOTE": 1.4776203461281823,
        "RandomUnderSampler": 0.9047532762422434,
        "TSMixup": 0.39990577145941597,
        "DBA": 0.35836981914154686,
        "Jittering": 0.39472522888331046,
        "Scaling": 0.40914358086267044,
        "MagnitudeWarping": 0.6902994544511373,
        "TimeWarping": 0.33835737271896227,
        "No Resampling": 0.7525938647440341
    },
    "brier_scores": {
        "ADASYN": 0.08703121843403304,
        "SMOTE": 0.08457780307656786,
        "BorderlineSMOTE": 0.08481574933249644,
        "SVMSMOTE": 0.10612474555758354,
        "RandomUnderSampler": 0.08809459915319441,
        "TSMixup": 0.08646169999172205,
        "DBA": 0.08580396079072453,
        "Jittering": 0.08395569797425441,
        "Scaling": 0.08556106941520157,
        "MagnitudeWarping": 0.08393811957792831,
        "TimeWarping": 0.08478772785468605,
        "No Resampling": 0.08782413921653616
    }
}