{
    "roc_aucs": {
        "ADASYN": 0.8501770712770063,
        "SMOTE": 0.8573063560956791,
        "BorderlineSMOTE": 0.8535456331983025,
        "SVMSMOTE": 0.8451822313850308,
        "RandomUnderSampler": 0.8670173008294754,
        "TSMixup": 0.8783613136574073,
        "DBA": 0.8634495394483024,
        "Jittering": 0.8560981602044754,
        "Scaling": 0.8544672043788581,
        "MagnitudeWarping": 0.8696614993248457,
        "TimeWarping": 0.8403621696566358,
        "No Resampling": 0.8676865427276235
    },
    "log_losses": {
        "ADASYN": 0.24725959649894882,
        "SMOTE": 0.24889515979557936,
        "BorderlineSMOTE": 0.24738526927625115,
        "SVMSMOTE": 0.24882554288829048,
        "RandomUnderSampler": 0.23525973365870148,
        "TSMixup": 0.23304401600035116,
        "DBA": 0.23845388728528857,
        "Jittering": 0.24164244600068865,
        "Scaling": 0.244382330541138,
        "MagnitudeWarping": 0.2341409898773866,
        "TimeWarping": 0.24977899255303268,
        "No Resampling": 0.23554391139232167
    },
    "brier_scores": {
        "ADASYN": 0.07442833197437292,
        "SMOTE": 0.07281714177109629,
        "BorderlineSMOTE": 0.07411889269424682,
        "SVMSMOTE": 0.0749987079288213,
        "RandomUnderSampler": 0.07104137196735999,
        "TSMixup": 0.06859228875877874,
        "DBA": 0.07200607246829983,
        "Jittering": 0.07076955986987342,
        "Scaling": 0.07220676356063994,
        "MagnitudeWarping": 0.06969941208299794,
        "TimeWarping": 0.07660608977929718,
        "No Resampling": 0.07011135797726943
    }
}