{
    "roc_aucs": {
        "ADASYN": 0.9018448477592446,
        "SMOTE": 0.9006176702674757,
        "BorderlineSMOTE": 0.8950668009033768,
        "SVMSMOTE": 0.8836494245054557,
        "RandomUnderSampler": 0.8394601507441974,
        "TSMixup": 0.8943675002040761,
        "DBA": 0.8881907975293188,
        "Jittering": 0.883638540447879,
        "Scaling": 0.9054120976299964,
        "MagnitudeWarping": 0.8953035291556692,
        "TimeWarping": 0.8811733014067644,
        "No Resampling": 0.8647410954803951
    },
    "log_losses": {
        "ADASYN": 0.2693351945475306,
        "SMOTE": 0.2762134545968086,
        "BorderlineSMOTE": 0.31911689696303425,
        "SVMSMOTE": 0.8200226189872425,
        "RandomUnderSampler": 0.7060085713442428,
        "TSMixup": 1.0338249169597045,
        "DBA": 0.24148006682494655,
        "Jittering": 0.4956204987597223,
        "Scaling": 0.3498205429706168,
        "MagnitudeWarping": 1.1608954080286427,
        "TimeWarping": 0.37136329791698947,
        "No Resampling": 0.3631026438443431
    },
    "brier_scores": {
        "ADASYN": 0.05949328726658562,
        "SMOTE": 0.06350865256964727,
        "BorderlineSMOTE": 0.06356941061277374,
        "SVMSMOTE": 0.06627536034902418,
        "RandomUnderSampler": 0.08200627400405215,
        "TSMixup": 0.06307664668580495,
        "DBA": 0.06361939883010116,
        "Jittering": 0.059012415004688616,
        "Scaling": 0.061381009954024505,
        "MagnitudeWarping": 0.06510451623262081,
        "TimeWarping": 0.07323224351583263,
        "No Resampling": 0.06842023217166437
    }
}