{
    "roc_aucs": {
        "ADASYN": 0.8629039415147571,
        "SMOTE": 0.8708847886827257,
        "BorderlineSMOTE": 0.8574802707248264,
        "SVMSMOTE": 0.8760356309678818,
        "RandomUnderSampler": 0.8796619778103298,
        "TSMixup": 0.8896693237304688,
        "DBA": 0.884715589735243,
        "Jittering": 0.880960582139757,
        "Scaling": 0.8828311482747396,
        "MagnitudeWarping": 0.8883384969075521,
        "TimeWarping": 0.8775831882052951,
        "No Resampling": 0.8684622517903646
    },
    "log_losses": {
        "ADASYN": 0.3493921118113127,
        "SMOTE": 0.34161934728050003,
        "BorderlineSMOTE": 0.35352958280327446,
        "SVMSMOTE": 0.34134798254752446,
        "RandomUnderSampler": 0.3333377685909702,
        "TSMixup": 0.32001609827207184,
        "DBA": 0.3277501892056088,
        "Jittering": 0.3298553652349333,
        "Scaling": 0.3290033977613469,
        "MagnitudeWarping": 0.3228045095366426,
        "TimeWarping": 0.33422627454550485,
        "No Resampling": 0.3441148892845644
    },
    "brier_scores": {
        "ADASYN": 0.11408386429474159,
        "SMOTE": 0.1101665486391794,
        "BorderlineSMOTE": 0.11611148965780385,
        "SVMSMOTE": 0.10832997139657118,
        "RandomUnderSampler": 0.1059674138383417,
        "TSMixup": 0.10177539349912244,
        "DBA": 0.1040852096542655,
        "Jittering": 0.10454814374676863,
        "Scaling": 0.1053856336634345,
        "MagnitudeWarping": 0.10270566050736303,
        "TimeWarping": 0.10817621763706764,
        "No Resampling": 0.10947446592310754
    }
}